-- ENDERECO
INSERT INTO Endereco (rua, numero, bairro, cidade, estado, cep) VALUES
('Avenida Paulista', '1000', 'Bela Vista', 'São Paulo', 'SP', '01310-100'),
('Rua Augusta', '500', 'Consolação', 'São Paulo', 'SP', '01304-000'),
('Rua Oscar Freire', '120', 'Jardim Paulista', 'São Paulo', 'SP', '01426-000'),
('Avenida Faria Lima', '2500', 'Itaim Bibi', 'São Paulo', 'SP', '01452-000'),
('Rua da Consolação', '1500', 'Consolação', 'São Paulo', 'SP', '01301-100'),
('Rua Haddock Lobo', '300', 'Cerqueira César', 'São Paulo', 'SP', '01414-000'),
('Avenida Ibirapuera', '3103', 'Moema', 'São Paulo', 'SP', '04029-900'),
('Rua das Flores', '45', 'Centro', 'Campinas', 'SP', '13010-110'),
('Avenida Brasil', '1500', 'Jardim Guanabara', 'Campinas', 'SP', '13073-000'),
('Rua Barão de Jaguara', '900', 'Centro', 'Campinas', 'SP', '13015-001'),
('Rua XV de Novembro', '200', 'Centro', 'Santos', 'SP', '11010-150'),
('Avenida Ana Costa', '450', 'Gonzaga', 'Santos', 'SP', '11060-002'),
('Rua Galeão Carvalhal', '50', 'Gonzaga', 'Santos', 'SP', '11060-200'),
('Avenida Nove de Julho', '1200', 'Anhangabaú', 'Jundiaí', 'SP', '13080-000'),
('Rua do Rosário', '350', 'Centro', 'Jundiaí', 'SP', '13201-014'),
('Rua Doutor Timóteo Penteado', '800', 'Centro', 'Guarulhos', 'SP', '07094-000'),
('Avenida Paulo Faccini', '1500', 'Macedo', 'Guarulhos', 'SP', '07115-000'),
('Rua Dom Pedro II', '100', 'Centro', 'Santo André', 'SP', '09010-020'),
('Avenida Industrial', '600', 'Jardim', 'Santo André', 'SP', '09080-500'),
('Rua Jurubatuba', '1400', 'Centro', 'São Bernardo do Campo', 'SP', '09725-000'),
('Avenida Kennedy', '200', 'Jardim do Mar', 'São Bernardo do Campo', 'SP', '09726-253'),
('Rua Alagoas', '75', 'Centro', 'São Caetano do Sul', 'SP', '09521-000'),
('Avenida Goiás', '1000', 'Santo Antônio', 'São Caetano do Sul', 'SP', '09521-310'),
('Rua Independência', '400', 'Alemão', 'Ribeirão Preto', 'SP', '14015-030'),
('Avenida Presidente Vargas', '2000', 'Jardim América', 'Ribeirão Preto', 'SP', '14020-260'),
('Rua Álvares Cabral', '550', 'Centro', 'Ribeirão Preto', 'SP', '14010-080'),
('Avenida São Carlos', '1800', 'Centro', 'São Carlos', 'SP', '13560-010'),
('Rua XV de Novembro', '1200', 'Centro', 'São Carlos', 'SP', '13560-240'),
('Avenida Bady Bassitt', '3000', 'Centro', 'São José do Rio Preto', 'SP', '15015-400'),
('Rua Bernardino de Campos', '2500', 'Centro', 'São José do Rio Preto', 'SP', '15015-300'),
('Avenida Adhemar de Barros', '1000', 'Jardim São Dimas', 'São José dos Campos', 'SP', '12245-010'),
('Rua 15 de Novembro', '100', 'Centro', 'São José dos Campos', 'SP', '12210-000'),
('Rua Coronel Oliveira Lima', '300', 'Centro', 'Santo André', 'SP', '09010-000'),
('Avenida Barão de Itapura', '950', 'Botafogo', 'Campinas', 'SP', '13020-431'),
('Rua Voluntários da Pátria', '1500', 'Santana', 'São Paulo', 'SP', '02011-200'),
('Avenida Santo Amaro', '4000', 'Broklin', 'São Paulo', 'SP', '04556-100'),
('Rua da Mooca', '2500', 'Mooca', 'São Paulo', 'SP', '03104-002'),
('Avenida Jabaquara', '1800', 'Mirandópolis', 'São Paulo', 'SP', '04046-200'),
('Rua Vergueiro', '3000', 'Vila Mariana', 'São Paulo', 'SP', '04101-300'),
('Avenida Engenheiro Luís Carlos Berrini', '1050', 'Itaim Bibi', 'São Paulo', 'SP', '04571-000'),
('Rua Teodoro Sampaio', '800', 'Pinheiros', 'São Paulo', 'SP', '05406-000'),
('Avenida Professor Fonseca Rodrigues', '200', 'Alto de Pinheiros', 'São Paulo', 'SP', '05461-010'),
('Rua Clélia', '1300', 'Lapa', 'São Paulo', 'SP', '05042-000'),
('Avenida Pompéia', '1500', 'Vila Pompéia', 'São Paulo', 'SP', '05022-001'),
('Rua Tuiuti', '2000', 'Tatuapé', 'São Paulo', 'SP', '03307-000'),
('Avenida Conselheiro Carrão', '1800', 'Vila Carrão', 'São Paulo', 'SP', '03402-001'),
('Rua Oratório', '1000', 'Mooca', 'São Paulo', 'SP', '03116-000'),
('Avenida Paes de Barros', '2200', 'Mooca', 'São Paulo', 'SP', '03115-001'),
('Rua Itapura', '1500', 'Tatuapé', 'São Paulo', 'SP', '03310-000'),
('Avenida Rebouças', '3000', 'Pinheiros', 'São Paulo', 'SP', '05402-600');
('Avenida Atlântica', '1702', 'Copacabana', 'Rio de Janeiro', 'RJ', '22021-001'),
('Rua Visconde de Pirajá', '350', 'Ipanema', 'Rio de Janeiro', 'RJ', '22410-001'),
('Avenida Borges de Medeiros', '997', 'Lagoa', 'Rio de Janeiro', 'RJ', '22430-041'),
('Rua Voluntários da Pátria', '45', 'Botafogo', 'Rio de Janeiro', 'RJ', '22270-000'),
('Avenida Rio Branco', '156', 'Centro', 'Rio de Janeiro', 'RJ', '20040-003'),
('Rua do Ouvidor', '130', 'Centro', 'Rio de Janeiro', 'RJ', '20040-030'),
('Avenida Presidente Vargas', '590', 'Centro', 'Rio de Janeiro', 'RJ', '20071-001'),
('Rua Barão de Mesquita', '280', 'Tijuca', 'Rio de Janeiro', 'RJ', '20540-003'),
('Avenida Maracanã', '987', 'Tijuca', 'Rio de Janeiro', 'RJ', '20511-000'),
('Rua Dias da Cruz', '185', 'Méier', 'Rio de Janeiro', 'RJ', '20720-010'),
('Avenida das Américas', '4666', 'Barra da Tijuca', 'Rio de Janeiro', 'RJ', '22640-102'),
('Avenida Ayrton Senna', '3000', 'Barra da Tijuca', 'Rio de Janeiro', 'RJ', '22775-003'),
('Rua Coronel Moreira César', '229', 'Icaraí', 'Niterói', 'RJ', '24230-062'),
('Avenida Ernani do Amaral Peixoto', '500', 'Centro', 'Niterói', 'RJ', '24020-077'),
('Rua Doutor Bhering', '100', 'Centro', 'Petrópolis', 'RJ', '25610-000'),
('Avenida Koeler', '260', 'Centro', 'Petrópolis', 'RJ', '25685-060'),
('Rua da Imperatriz', '150', 'Centro', 'Petrópolis', 'RJ', '25610-320'),
('Avenida Amaral Peixoto', '1000', 'Centro', 'Volta Redonda', 'RJ', '27253-220'),
('Rua São João', '200', 'Centro', 'Niterói', 'RJ', '24020-040'),
('Avenida Sete de Setembro', '300', 'Icaraí', 'Niterói', 'RJ', '24230-251'),
('Avenida Afonso Pena', '1500', 'Centro', 'Belo Horizonte', 'MG', '30130-005'),
('Rua da Bahia', '1148', 'Centro', 'Belo Horizonte', 'MG', '30160-011'),
('Avenida do Contorno', '6000', 'Savassi', 'Belo Horizonte', 'MG', '30110-042'),
('Rua Fernandes Tourinho', '500', 'Savassi', 'Belo Horizonte', 'MG', '30112-000'),
('Avenida Amazonas', '2000', 'Santo Agostinho', 'Belo Horizonte', 'MG', '30180-001'),
('Rua Rio de Janeiro', '1000', 'Centro', 'Belo Horizonte', 'MG', '30160-041'),
('Avenida Brasil', '800', 'Santa Efigênia', 'Belo Horizonte', 'MG', '30140-001'),
('Rua dos Guajajaras', '400', 'Centro', 'Belo Horizonte', 'MG', '30180-100'),
('Avenida Prudente de Morais', '1200', 'Santo Antônio', 'Belo Horizonte', 'MG', '30350-090'),
('Rua Espírito Santo', '600', 'Centro', 'Belo Horizonte', 'MG', '30160-030'),
('Avenida Getúlio Vargas', '1400', 'Savassi', 'Belo Horizonte', 'MG', '30112-021'),
('Rua Halfeld', '800', 'Centro', 'Juiz de Fora', 'MG', '36010-003'),
('Avenida Rio Branco', '2500', 'Centro', 'Juiz de Fora', 'MG', '36010-012'),
('Rua Santo Antônio', '1500', 'Centro', 'Juiz de Fora', 'MG', '36015-001'),
('Avenida Rondon Pacheco', '3000', 'Saraiva', 'Uberlândia', 'MG', '38408-343'),
('Rua Floriano Peixoto', '600', 'Centro', 'Uberlândia', 'MG', '38400-102'),
('Avenida João Naves de Ávila', '1331', 'Tibery', 'Uberlândia', 'MG', '38405-140'),
('Rua Major Gote', '1000', 'Centro', 'Patos de Minas', 'MG', '38700-001'),
('Avenida Leopoldino de Oliveira', '3500', 'Centro', 'Uberaba', 'MG', '38010-000'),
('Rua São Benedito', '450', 'Centro', 'Uberaba', 'MG', '38010-120'),
('Avenida Governador Valadares', '500', 'Centro', 'Betim', 'MG', '32600-000'),
('Rua do Rosário', '200', 'Angola', 'Betim', 'MG', '32604-185'),
('Avenida João César de Oliveira', '2500', 'Eldorado', 'Contagem', 'MG', '32315-000'),
('Rua Tiradentes', '150', 'Industrial', 'Contagem', 'MG', '32230-020'),
('Avenida Magalhães Pinto', '1200', 'Giovanini', 'Coronel Fabriciano', 'MG', '35170-000'),
('Rua Ouro Preto', '300', 'Centro', 'Ipatinga', 'MG', '35160-000'),
('Avenida 28 de Abril', '550', 'Centro', 'Ipatinga', 'MG', '35160-004'),
('Rua São José', '100', 'Centro', 'Ouro Preto', 'MG', '35400-000'),
('Rua Direita', '45', 'Centro', 'Mariana', 'MG', '35420-000'),
('Avenida Francisco Sales', '800', 'Santa Efigênia', 'Belo Horizonte', 'MG', '30150-221');
('Rua XV de Novembro', '500', 'Centro', 'Curitiba', 'PR', '80020-310'),
('Avenida Batel', '1230', 'Batel', 'Curitiba', 'PR', '80420-090'),
('Rua Marechal Deodoro', '630', 'Centro', 'Curitiba', 'PR', '80010-010'),
('Avenida Sete de Setembro', '4200', 'Água Verde', 'Curitiba', 'PR', '80250-210'),
('Rua Cândido Lopes', '100', 'Centro', 'Curitiba', 'PR', '80020-060'),
('Avenida Visconde de Guarapuava', '3000', 'Centro', 'Curitiba', 'PR', '80010-100'),
('Rua Padre Anchieta', '2000', 'Bigorrilho', 'Curitiba', 'PR', '80730-000'),
('Avenida Cândido de Abreu', '526', 'Centro Cívico', 'Curitiba', 'PR', '80530-000'),
('Avenida Brasil', '2500', 'Centro', 'Cascavel', 'PR', '85810-000'),
('Rua Paraná', '3000', 'Centro', 'Cascavel', 'PR', '85810-010'),
('Avenida Higienópolis', '1000', 'Centro', 'Londrina', 'PR', '86020-080'),
('Rua Sergipe', '500', 'Centro', 'Londrina', 'PR', '86010-380'),
('Avenida Tiradentes', '1500', 'Jardim Shangri-Lá', 'Londrina', 'PR', '86070-000'),
('Avenida Maringá', '2000', 'Vitória', 'Londrina', 'PR', '86060-000'),
('Avenida Brasil', '4000', 'Zona 01', 'Maringá', 'PR', '87013-000'),
('Rua Santos Dumont', '1500', 'Zona 01', 'Maringá', 'PR', '87013-050'),
('Rua Epitácio Pessoa', '800', 'Centro', 'Jaraguá do Sul', 'SC', '89251-100'),
('Avenida Marechal Deodoro da Fonseca', '1188', 'Centro', 'Jaraguá do Sul', 'SC', '89251-700'),
('Rua Walter Marquardt', '1500', 'Barra do Rio Molha', 'Jaraguá do Sul', 'SC', '89259-700'),
('Rua Reinoldo Rau', '200', 'Centro', 'Jaraguá do Sul', 'SC', '89251-600'),
('Rua XV de Novembro', '1000', 'Centro', 'Joinville', 'SC', '89201-602'),
('Rua Dona Francisca', '800', 'Centro', 'Joinville', 'SC', '89201-250'),
('Rua Otto Boehm', '400', 'América', 'Joinville', 'SC', '89201-700'),
('Avenida Getúlio Vargas', '1200', 'Anita Garibaldi', 'Joinville', 'SC', '89202-000'),
('Avenida Beira Mar Norte', '2500', 'Centro', 'Florianópolis', 'SC', '88015-700'),
('Rua Felipe Schmidt', '300', 'Centro', 'Florianópolis', 'SC', '88010-000'),
('Rua Lauro Linhares', '1000', 'Trindade', 'Florianópolis', 'SC', '88036-002'),
('Avenida Rio Branco', '500', 'Centro', 'Florianópolis', 'SC', '88015-201'),
('Rua XV de Novembro', '700', 'Centro', 'Blumenau', 'SC', '89010-001'),
('Rua Sete de Setembro', '1500', 'Centro', 'Blumenau', 'SC', '89010-200'),
('Avenida Brasil', '1800', 'Centro', 'Balneário Camboriú', 'SC', '88330-043'),
('Avenida Atlântica', '2000', 'Centro', 'Balneário Camboriú', 'SC', '88330-012'),
('Avenida Borges de Medeiros', '456', 'Centro', 'Porto Alegre', 'RS', '90020-020'),
('Rua dos Andradas', '1234', 'Centro Histórico', 'Porto Alegre', 'RS', '90020-008'),
('Avenida Ipiranga', '6681', 'Partenon', 'Porto Alegre', 'RS', '90619-900'),
('Avenida Goethe', '200', 'Moinhos de Vento', 'Porto Alegre', 'RS', '90430-100'),
('Rua Padre Chagas', '300', 'Moinhos de Vento', 'Porto Alegre', 'RS', '90570-080'),
('Avenida Wenceslau Escobar', '1800', 'Tristeza', 'Porto Alegre', 'RS', '91900-000'),
('Avenida Assis Brasil', '3500', 'Cristo Redentor', 'Porto Alegre', 'RS', '91010-003'),
('Rua da Praia', '500', 'Centro', 'Porto Alegre', 'RS', '90010-001'),
('Avenida Júlio de Castilhos', '1500', 'Centro', 'Caxias do Sul', 'RS', '95010-003'),
('Rua Sinimbu', '1800', 'Centro', 'Caxias do Sul', 'RS', '95020-001'),
('Rua Bento Gonçalves', '2000', 'Centro', 'Caxias do Sul', 'RS', '95020-412'),
('Avenida Brasil Oeste', '1000', 'Centro', 'Passo Fundo', 'RS', '99010-001'),
('Rua Morom', '1500', 'Centro', 'Passo Fundo', 'RS', '99010-033'),
('Rua 15 de Novembro', '400', 'Centro', 'Pelotas', 'RS', '96015-000'),
('Avenida Bento Gonçalves', '3000', 'Centro', 'Pelotas', 'RS', '96015-140'),
('Rua General Osório', '1200', 'Centro', 'Pelotas', 'RS', '96020-000'),
('Avenida Rio Branco', '800', 'Centro', 'Santa Maria', 'RS', '97010-422'),
('Rua do Acampamento', '500', 'Centro', 'Santa Maria', 'RS', '97050-001');
('Avenida Sete de Setembro', '1500', 'Vitória', 'Salvador', 'BA', '40080-001'),
('Avenida Tancredo Neves', '627', 'Caminho das Árvores', 'Salvador', 'BA', '41820-020'),
('Avenida Oceânica', '2500', 'Ondina', 'Salvador', 'BA', '40170-010'),
('Rua Chile', '20', 'Centro', 'Salvador', 'BA', '40020-000'),
('Avenida Antônio Carlos Magalhães', '1000', 'Itaigara', 'Salvador', 'BA', '41825-000'),
('Avenida Boa Viagem', '3500', 'Boa Viagem', 'Recife', 'PE', '51020-001'),
('Avenida Agamenon Magalhães', '4500', 'Derby', 'Recife', 'PE', '52010-040'),
('Rua da Aurora', '1000', 'Santo Amaro', 'Recife', 'PE', '50050-000'),
('Avenida Conselheiro Aguiar', '2000', 'Boa Viagem', 'Recife', 'PE', '51020-020'),
('Rua do Sol', '150', 'Santo Antônio', 'Recife', 'PE', '50010-470'),
('Avenida Beira Mar', '2000', 'Meireles', 'Fortaleza', 'CE', '60165-121'),
('Avenida Dom Luís', '500', 'Aldeota', 'Fortaleza', 'CE', '60160-230'),
('Avenida Santos Dumont', '3000', 'Aldeota', 'Fortaleza', 'CE', '60150-161'),
('Rua Major Facundo', '400', 'Centro', 'Fortaleza', 'CE', '60025-100'),
('Avenida Washington Soares', '85', 'Edson Queiroz', 'Fortaleza', 'CE', '60811-341'),
('Avenida Almirante Barroso', '1500', 'Marco', 'Belém', 'PA', '66093-020'),
('Avenida Presidente Vargas', '800', 'Campina', 'Belém', 'PA', '66017-000'),
('Avenida Doca de Souza Franco', '500', 'Reduto', 'Belém', 'PA', '66053-000'),
('Avenida Djalma Batista', '1661', 'Chapada', 'Manaus', 'AM', '69050-010'),
('Avenida Eduardo Ribeiro', '520', 'Centro', 'Manaus', 'AM', '69010-001'),
('Avenida das Torres', '1000', 'Aleixo', 'Manaus', 'AM', '69060-000'),
('Avenida Goiás', '1200', 'Centro', 'Goiânia', 'GO', '74005-010'),
('Avenida T-63', '3000', 'Bueno', 'Goiânia', 'GO', '74230-100'),
('Avenida 85', '1800', 'Marista', 'Goiânia', 'GO', '74160-010'),
('Avenida Araguaia', '500', 'Centro', 'Goiânia', 'GO', '74030-100'),
('Avenida Afonso Pena', '4000', 'Centro', 'Campo Grande', 'MS', '79002-075'),
('Avenida Mato Grosso', '2500', 'Centro', 'Campo Grande', 'MS', '79002-233'),
('Avenida Historiador Rubens de Mendonça', '1500', 'Bosque da Saúde', 'Cuiabá', 'MT', '78050-000'),
('Avenida Getúlio Vargas', '800', 'Centro', 'Cuiabá', 'MT', '78005-370'),
('Avenida Hermes da Fonseca', '1000', 'Tirol', 'Natal', 'RN', '59020-000'),
('Avenida Engenheiro Roberto Freire', '2000', 'Capim Macio', 'Natal', 'RN', '59082-000'),
('Avenida Cabo Branco', '1500', 'Cabo Branco', 'João Pessoa', 'PB', '58045-010'),
('Avenida Epitácio Pessoa', '2500', 'Tambauzinho', 'João Pessoa', 'PB', '58042-002'),
('Avenida Fernandes Lima', '1000', 'Farol', 'Maceió', 'AL', '57055-000'),
('Avenida Álvaro Otacílio', '3000', 'Ponta Verde', 'Maceió', 'AL', '57035-180'),
('Avenida Beira Mar', '500', '13 de Julho', 'Aracaju', 'SE', '49020-010'),
('Avenida Hermes Fontes', '1200', 'Suíssa', 'Aracaju', 'SE', '49050-000'),
('Avenida da Paz', '800', 'Centro', 'São Luís', 'MA', '65020-450'),
('Avenida dos Holandeses', '15', 'Calhau', 'São Luís', 'MA', '65071-380'),
('Avenida Frei Serafim', '1800', 'Centro', 'Teresina', 'PI', '64001-020'),
('Avenida Raul Lopes', '1000', 'Noivos', 'Teresina', 'PI', '64046-010'),
('Avenida Jatuarana', '2000', 'Eldorado', 'Porto Velho', 'RO', '76811-000'),
('Avenida Sete de Setembro', '1100', 'Centro', 'Porto Velho', 'RO', '76801-084'),
('Avenida Ville Roy', '4000', 'Centro', 'Boa Vista', 'RR', '69301-000'),
('Avenida Getúlio Vargas', '1500', 'Centro', 'Rio Branco', 'AC', '69900-610'),
('Avenida Ceará', '2500', 'Abraão Alab', 'Rio Branco', 'AC', '69918-111'),
('Avenida Teotônio Segurado', '1000', 'Plano Diretor Sul', 'Palmas', 'TO', '77015-000'),
('Avenida Juscelino Kubitschek', '500', 'Plano Diretor Sul', 'Palmas', 'TO', '77020-004'),
('Avenida Leste-Oeste', '150', 'Centro', 'Maceió', 'AL', '57020-000'),
('Avenida Senador Salgado Filho', '3000', 'Lagoa Nova', 'Natal', 'RN', '59078-000');


-- PROPRIETARIO
INSERT INTO Proprietario (nome, cpf_cnpj, telefone, email) VALUES
('Ana Silva Santos', '123.456.789-01', '(11) 98765-4321', 'ana.silva@email.com'),
('Bruno Oliveira Souza', '234.567.890-12', '(21) 97654-3210', 'bruno.oliveira@email.com'),
('Carlos Eduardo Lima', '345.678.901-23', '(31) 96543-2109', 'carlos.lima@email.com'),
('Daniela Rodrigues Costa', '456.789.012-34', '(41) 95432-1098', 'daniela.costa@email.com'),
('Eduardo Gomes Pereira', '567.890.123-45', '(51) 94321-0987', 'eduardo.gomes@email.com'),
('Fernanda Alves Ribeiro', '678.890.123-56', '(61) 93210-9876', 'fernanda.ribeiro@email.com'),
('Gabriel Martins Almeida', '789.901.234-67', '(71) 92109-8765', 'gabriel.martins@email.com'),
('Amanda Rocha Carvalho', '890.012.345-78', '(81) 91098-7654', 'amanda.carvalho@email.com'),
('Ricardo Barbosa Melo', '901.123.456-89', '(91) 90187-6543', 'ricardo.melo@email.com'),
('Juliana Cardoso Freire', '012.234.567-90', '(19) 98876-5432', 'juliana.freire@email.com'),
('Lucas Teixeira Fonseca', '135.246.357-11', '(11) 97765-4321', 'lucas.fonseca@email.com'),
('Mariana Mendes Viana', '246.357.468-22', '(21) 96654-3210', 'mariana.viana@email.com'),
('Pedro Henrique Castro', '357.468.579-33', '(31) 95543-2109', 'pedro.castro@email.com'),
('Camila Araujo Pinto', '468.579.680-44', '(41) 94432-1098', 'camila.araujo@email.com'),
('Rodrigo Nascimento Dias', '579.680.791-55', '(51) 93321-0987', 'rodrigo.dias@email.com'),
('Larissa Cavalcanti Reis', '690.791.802-66', '(61) 92210-9876', 'larissa.reis@email.com'),
('Thiago Moreira Frota', '801.902.913-77', '(71) 91109-8765', 'thiago.frota@email.com'),
('Beatriz Vieira Neves', '912.013.024-88', '(81) 90098-7654', 'beatriz.neves@email.com'),
('Felipe Cunha machado', '023.124.135-99', '(91) 99987-6543', 'felipe.machado@email.com'),
('Letícia Ramos Guimarães', '144.255.266-00', '(85) 98877-6655', 'leticia.ramos@email.com'),
('JS Transportes LTDA', '12.345.678/0001-99', '(11) 3344-5566', 'contato@jstransportes.com'),
('André Luiz nunes', '255.366.477-12', '(11) 97711-2233', 'andre.nunes@email.com'),
('Patrícia Souza Cruz', '366.477.588-23', '(21) 96622-3344', 'patricia.cruz@email.com'),
('Gustavo Henrique Lima', '477.588.699-34', '(31) 95533-4455', 'gustavo.lima@email.com'),
('Aline de Oliveira Paz', '588.699.710-45', '(41) 94444-5566', 'aline.paz@email.com'),
('Mateus Fontes Correia', '699.710.821-56', '(51) 93355-6677', 'mateus.correia@email.com'),
('Bárbara Lopes Rezende', '710.821.932-67', '(62) 92266-7788', 'barbara.rezende@email.com'),
('Diogo Sales Fagundes', '821.932.043-78', '(71) 91177-8899', 'diogo.sales@email.com'),
('Priscila Borges Vieira', '932.043.154-89', '(81) 90088-9900', 'priscila.borges@email.com'),
('Leonardo Assis Toledo', '043.154.265-90', '(92) 98111-0011', 'leonardo.assis@email.com'),
('Vanessa Cardoso Meireles', '154.265.376-01', '(19) 97222-1122', 'vanessa.meireles@email.com'),
('Thiago Malta nogueira', '265.376.487-12', '(11) 96333-2233', 'thiago.malta@email.com'),
('Cláudia Regina Peixoto', '376.487.598-23', '(21) 95444-3344', 'claudia.peixoto@email.com'),
('Marcos Vinícius Guerra', '487.598.609-34', '(31) 94555-4455', 'marcos.guerra@email.com'),
('Renata Vasconcelos', '598.609.720-45', '(41) 93666-5566', 'renata.vasconcelos@email.com'),
('Diego ferreira Campos', '609.720.831-56', '(51) 92777-6677', 'diego.campos@email.com'),
('Simone dutra Bernardes', '720.831.942-67', '(16) 91888-7788', 'simone.bernardes@email.com'),
('Arthur Andrade Antunes', '831.942.053-78', '(84) 90999-8899', 'arthur.andrade@email.com'),
('Carolina mello falcão', '942.053.164-89', '(79) 98111-2233', 'carolina.falcao@email.com'),
('Alexandre Paiva Jordão', '053.164.275-90', '(67) 97222-3344', 'alexandre.jordao@email.com'),
('Comércio de Alimentos Alfa', '23.456.789/0001-88', '(11) 3322-1100', 'alfa.alimentos@email.com'),
('Igor Guimarães Montenegro', '164.275.386-01', '(11) 96123-4567', 'igor.montenegro@email.com'),
('Tatiana farias Seixas', '275.386.497-12', '(21) 95234-5678', 'tatiana.seixas@email.com'),
('Marcelo Jardim Malta', '386.497.608-23', '(31) 94345-6789', 'marcelo.jardim@email.com'),
('Mariane Passos Brandão', '497.608.719-34', '(41) 93456-7890', 'mariane.brandao@email.com'),
('Sandro rocha Junqueira', '608.719.820-45', '(51) 92567-8901', 'sandro.junqueira@email.com'),
('Gisele Pires nogueira', '719.820.931-56', '(12) 91678-9012', 'gisele.nogueira@email.com'),
('Otávio Miranda Albuquerque', '820.931.042-67', '(32) 90789-0123', 'otavio.miranda@email.com'),
('Cíntia bastos Linhares', '931.042.153-78', '(47) 99890-1234', 'cintia.linhares@email.com'),
('Murilo fogaça ventura', '042.153.264-89', '(81) 98901-2345', 'murilo.ventura@email.com');
('Fabiola Dornelles Ramos', '153.264.375-90', '(51) 97812-3456', 'fabiola.ramos@email.com'),
('Samuel Xavier Nazário', '264.375.486-01', '(11) 96723-4567', 'samuel.nazario@email.com'),
('Evelyn macedo Leitão', '375.486.597-12', '(21) 95634-5678', 'evelyn.leitao@email.com'),
('Renan salazar Figueira', '486.597.708-23', '(31) 94545-6789', 'renan.figueira@email.com'),
('Sabrina Villa Nova', '597.708.819-34', '(41) 93456-1122', 'sabrina.nova@email.com'),
('William Couto mendes', '708.819.930-45', '(51) 92367-2233', 'william.couto@email.com'),
('Mirella Albuquerque Lins', '819.930.041-56', '(81) 91278-3344', 'mirella.lins@email.com'),
('Kléber Amaral Dorneles', '930.041.152-67', '(61) 90189-4455', 'kleber.amaral@email.com'),
('Débora tarrago Munhoz', '041.152.263-78', '(51) 99090-5566', 'debora.munhoz@email.com'),
('Vitor Hugo sampaio', '152.263.374-89', '(11) 98101-6677', 'vitor.sampaio@email.com'),
('Mário Sergio Cortella', '263.374.485-90', '(11) 97212-7788', 'mario.cortella@email.com'),
('Tânia mara Fontoura', '374.485.596-01', '(21) 96323-8899', 'tania.fontoura@email.com'),
('Hugo Leonardo Chaves', '485.596.707-12', '(31) 95434-9900', 'hugo.chaves@email.com'),
('Isabela Freitas Meireles', '596.707.818-23', '(41) 94545-0011', 'isabela.meireles@email.com'),
('Douglas Aguiar Dorneles', '707.818.929-34', '(51) 93656-1122', 'douglas.aguiar@email.com'),
('Larissa Manoela Taques', '818.929.040-45', '(11) 92767-2233', 'larissa.taques@email.com'),
('Augusto Cury mendes', '929.040.151-56', '(16) 91878-3344', 'augusto.cury@email.com'),
('Clarice Lispector silva', '040.151.262-67', '(21) 90989-4455', 'clarice.silva@email.com'),
('Machado de Assis Neto', '151.262.373-78', '(21) 99010-5566', 'machado.assis@email.com'),
('Cecília Meireles Lima', '262.373.484-89', '(21) 98121-6677', 'cecilia.meireles@email.com'),
('Beta Incorporadora S.A.', '34.567.890/0001-77', '(11) 3366-9900', 'contato@betaincorp.com'),
('Caio Castro Ramalho', '373.484.595-90', '(11) 97232-7788', 'caio.ramalho@email.com'),
('Bianca andrade Boca', '484.595.706-01', '(21) 96343-8899', 'bianca.boca@email.com'),
('Fred Rodrigues Chaves', '595.706.817-12', '(31) 95454-9900', 'fred.chaves@email.com'),
('Jéssica Ellen silva', '706.817.928-23', '(21) 94565-0011', 'jessica.ellen@email.com'),
('Danilo Gentili moraes', '817.928.039-34', '(11) 93676-1122', 'danilo.gentili@email.com'),
('Rachel Sheherazade', '928.039.150-45', '(61) 92787-2233', 'rachel.shehe@email.com'),
('William Bonner silva', '039.150.261-56', '(21) 91898-3344', 'william.bonner@email.com'),
('Fátima Bernardes Gomes', '150.261.372-67', '(21) 90909-4455', 'fatima.bernardes@email.com'),
('Tiago Leifert de moura', '261.372.483-78', '(11) 99011-5566', 'tiago.leifert@email.com'),
('Glória Maria Matta', '372.483.594-89', '(21) 98122-6677', 'gloria.maria@email.com'),
('Cid Moreira campos', '483.594.705-90', '(24) 97233-7788', 'cid.moreira@email.com'),
('Galvão Bueno filho', '594.705.816-01', '(11) 96344-8899', 'galvao.bueno@email.com'),
('Luciano Huck Grostein', '705.816.927-12', '(21) 95455-9900', 'luciano.huck@email.com'),
('Angélica Ksyvickis', '816.927.038-23', '(21) 94566-0011', 'angelica.ksy@email.com'),
('Eliana Michaelichen', '927.038.149-34', '(11) 93677-1122', 'eliana.michae@email.com'),
('Rodrigo faro silva', '038.149.260-45', '(11) 92788-2233', 'rodrigo.faro@email.com'),
('Ana Maria Braga Maffeis', '149.260.371-56', '(11) 91899-3344', 'anamaria.braga@email.com'),
('Fausto Silva neto', '260.371.482-67', '(11) 90910-4455', 'fausto.silva@email.com'),
('Xuxa Meneghel Promon', '371.482.593-78', '(21) 99021-5566', 'xuxa.meneghel@email.com'),
('Gama Participações S.A.', '45.678.901/0001-66', '(21) 2244-6688', 'diretoria@gamaparc.com'),
('Ivete Sangalo Cady', '482.593.704-89', '(71) 98132-6677', 'ivete.sangalo@email.com'),
('Claudia Leitte Inácio', '593.704.815-90', '(71) 97243-7788', 'claudia.leitte@email.com'),
('Anitta Larissa Machado', '704.815.926-01', '(21) 96354-8899', 'anitta.larissa@email.com'),
('Luan Santana de moura', '815.926.037-12', '(11) 95465-9900', 'luan.santana@email.com'),
('Gusttavo Lima lima', '926.037.148-23', '(62) 94576-0011', 'gusttavo.lima2@email.com'),
('Marília Mendonça dias', '037.148.259-34', '(62) 93687-1122', 'marilia.mendonca@email.com'),
('Maiara Carla Henrique', '148.259.360-45', '(62) 92798-2233', 'maiara.carla@email.com'),
('Maraisa Carla Henrique', '259.360.471-56', '(62) 91909-3344', 'maraisa.carla@email.com'),
('Jorge Alves barcelos', '360.471.582-67', '(62) 90010-4455', 'jorge.alves@email.com');
('Mateus Pedro Oliveira', '471.582.693-78', '(62) 99121-5566', 'mateus.pedro@email.com'),
('Wesley Safadão Silva', '582.693.804-89', '(85) 98232-6677', 'wesley.safadao@email.com'),
('Xand Avião Albuquerque', '693.804.915-90', '(85) 97343-7788', 'xand.aviao@email.com'),
('Simone Mendes rocha', '804.915.026-01', '(11) 96454-8899', 'simone.mendes@email.com'),
('Simaria Mendes rocha', '915.026.137-12', '(11) 95565-9900', 'simaria.mendes@email.com'),
('Leonardo Emival Costa', '026.137.248-23', '(62) 94676-0011', 'leonardo.emival@email.com'),
('Zezé Di Camargo Lima', '137.248.359-34', '(11) 93787-1122', 'zeze.camargo@email.com'),
('Luciano Camargo Lima', '248.359.460-45', '(11) 92898-2233', 'luciano.camargo@email.com'),
('Chitãozinho José Lima', '359.460.571-56', '(19) 92009-3344', 'chitaozinho.jose@email.com'),
('Xororó Durval Lima', '460.571.682-67', '(19) 91110-4455', 'xororo.durval@email.com'),
('Daniel Camillo ramos', '571.682.793-78', '(14) 90221-5566', 'daniel.camillo@email.com'),
('Alcione Dias Nazareth', '682.793.904-89', '(21) 99332-6677', 'alcione.nazareth@email.com'),
('Zeca Pagodinho Silva', '793.904.015-90', '(21) 98443-7788', 'zeca.pagodinho@email.com'),
('Arlindo Cruz filho', '904.015.126-01', '(21) 97554-8899', 'arlindo.cruz@email.com'),
('Péricles Faria Santos', '015.126.237-12', '(11) 96665-9900', 'pericles.faria@email.com'),
('Thiaguinho André silva', '126.237.348-23', '(11) 95776-0011', 'thiaguinho.andre@email.com'),
('Mumuzinho Márcio Batista', '237.348.459-34', '(21) 94887-1122', 'mumuzinho.marcio@email.com'),
('Ferrugem Jheison silva', '348.459.560-45', '(21) 93998-2233', 'ferrugem.jheison@email.com'),
('Dilsinho Daniel moura', '459.460.671-56', '(21) 93109-3344', 'dilsinho.daniel@email.com'),
('Ludmilla Oliveira silva', '560.571.782-67', '(21) 92220-4455', 'ludmilla.oliveira@email.com'),
('Delta Investimentos S.A.', '56.789.012/0001-55', '(11) 4455-7799', 'delta@deltainvest.com'),
('Luísa Sonza Gerloff', '671.682.893-78', '(11) 91331-5566', 'luisa.sonza@email.com'),
('Vitão Vitor Carvalho', '782.793.904-89', '(11) 90442-6677', 'vitao.vitor@email.com'),
('Jão João Romania', '893.904.015-00', '(11) 99553-7788', 'jao.joao@email.com'),
('Pabllo Vittar Rodrigues', '904.015.126-11', '(11) 98664-8899', 'pabllo.vittar@email.com'),
('Gloria Groove Daniel', '015.126.237-22', '(11) 97775-9900', 'gloria.groove@email.com'),
('Iza Isabela Lima', '126.237.348-33', '(21) 96886-0011', 'iza.isabela@email.com'),
('Lulu Santos Costa', '237.348.459-44', '(21) 95997-1122', 'lulu.santos@email.com'),
('Nando Reis luz', '348.459.560-55', '(11) 95108-2233', 'nando.reis@email.com'),
('Samuel Rosa alves', '459.560.671-66', '(31) 94219-3344', 'samuel.rosa@email.com'),
('Rogério Flausino oliveira', '560.671.782-77', '(31) 93320-4455', 'rogerio.flausino@email.com'),
('Dinho Ouro Preto', '671.782.893-88', '(11) 92431-5566', 'dinho.ouro@email.com'),
('Herbert Vianna santos', '782.893.904-99', '(21) 91542-6677', 'herbert.vianna@email.com'),
('Bi Ribeiro farias', '893.904.015-11', '(21) 90653-7788', 'bi.ribeiro@email.com'),
('João Barone silva', '904.015.126-22', '(21) 99764-8899', 'joao.barone@email.com'),
('Evandro Mesquita costa', '015.126.237-33', '(21) 98875-9900', 'evandro.mesquita@email.com'),
('Fernanda Abreu lima', '126.237.348-44', '(21) 97986-0011', 'fernanda.abreu@email.com'),
('Paula Toller amarante', '237.348.459-55', '(21) 97097-1122', 'paula.toller@email.com'),
('Ney Matogrosso souza', '348.459.560-66', '(21) 96208-2233', 'ney.matogrosso@email.com'),
('Caetano Veloso viana', '459.560.671-77', '(21) 95319-3344', 'caetano.veloso@email.com'),
('Epsilon Empreendimentos', '67.890.123/0001-44', '(31) 5566-8800', 'contato@epsilonemp.com'),
('Gilberto Gil passos', '560.671.782-88', '(21) 94420-4455', 'gilberto.gil@email.com'),
('Chico Buarque holanda', '671.782.893-99', '(21) 93531-5566', 'chico.buarque@email.com'),
('Maria Bethânia viana', '782.893.904-11', '(21) 92642-6677', 'maria.bethania@email.com'),
('Gal Costa penna', '893.904.015-22', '(21) 91753-7788', 'gal.costa@email.com'),
('Roberto Carlos braga', '904.015.126-33', '(21) 90864-8899', 'roberto.carlos@email.com'),
('Erasmo Carlos esteves', '015.126.237-44', '(21) 99975-9900', 'erasmo.carlos@email.com'),
('Jorge Ben Jor lima', '126.237.348-55', '(21) 99086-0011', 'jorge.benjor@email.com'),
('Tim Maia sebastião', '237.348.459-66', '(21) 98197-1122', 'tim.maia@email.com'),
('Raul Seixas santos', '348.459.560-77', '(21) 97308-2233', 'raul.seixas@email.com');
('Elis Regina carvalho', '459.560.671-88', '(11) 96419-3344', 'elis.regina@email.com'),
('Cazuza Agenor araujo', '560.671.782-99', '(21) 95520-4455', 'cazuza.agenor@email.com'),
('Renato Russo manfredini', '671.782.893-00', '(61) 94631-5566', 'renato.russo@email.com'),
('Cássia Eller reinaldi', '782.893.904-22', '(21) 93742-6677', 'cassia.eller@email.com'),
('Rita Lee jones', '893.904.015-33', '(11) 92853-7788', 'rita.lee@email.com'),
('Zélia Duncan moreira', '904.015.126-44', '(21) 91964-8899', 'zelia.duncan@email.com'),
('Adriana Calcanhotto', '015.126.237-55', '(21) 91075-9900', 'adriana.calca@email.com'),
('Marisa Monte carvalho', '126.237.348-66', '(21) 90186-0011', 'marisa.monte@email.com'),
('Seu Jorge Mário da Silva', '237.348.459-77', '(21) 99297-1122', 'seujorge.mario@email.com'),
('Criolo Kleber Cavalcante', '348.459.560-88', '(11) 98408-2233', 'criolo.kleber@email.com'),
('Emicida Leandro roque', '459.560.671-99', '(11) 97519-3344', 'emicida.leandro@email.com'),
('Rael Israel feliciano', '560.671.782-00', '(11) 96620-4455', 'rael.israel@email.com'),
('Projota José tiago', '671.782.893-11', '(11) 95731-5566', 'projota.jose@email.com'),
('Rashid Michel dias', '782.893.904-33', '(11) 94842-6677', 'rashid.michel@email.com'),
('Karol Conká karoline', '893.904.015-44', '(41) 93953-7788', 'karol.conka@email.com'),
('Negra Li liliane', '904.015.126-55', '(11) 93064-8899', 'negrali.liliane@email.com'),
('Elza Soares da Silva', '015.126.237-66', '(21) 92175-9900', 'elza.soares@email.com'),
('Seu Jorge de oliveira', '126.237.348-77', '(21) 91286-0011', 'seujorge.oliveira@email.com'),
('Martinho da Vila ferreira', '237.348.459-88', '(21) 90397-1122', 'martinho.vila@email.com'),
('Jair Rodrigues oliveira', '348.459.560-99', '(11) 99408-2233', 'jair.rodrigues@email.com'),
('Zeta Agronegócios LTDA', '78.901.234/0001-33', '(62) 3344-9911', 'comercial@zetaagro.com'),
('Luciana Mello oliveira', '459.560.671-11', '(11) 98519-3344', 'luciana.mello@email.com'),
('Jair Oliveira rodrigues', '560.671.782-22', '(11) 97620-4455', 'jair.oliveira@email.com'),
('Wilson Simoninha', '671.782.893-33', '(11) 96731-5566', 'wilson.simoninha@email.com'),
('Max de Castro oliveira', '782.893.904-44', '(11) 95842-6677', 'max.castro@email.com'),
('Bebeto Roberto oliveira', '893.904.015-55', '(21) 94953-7788', 'bebeto.roberto@email.com'),
('Sandra de Sá cristina', '904.015.126-66', '(21) 94064-8899', 'sandradesa.cris@email.com'),
('Macaulay souza neto', '015.126.237-77', '(81) 93175-9900', 'macaulay.souza@email.com'),
('Chay Suede rocha', '126.237.348-88', '(21) 92286-0011', 'chay.suede@email.com'),
('Laura Neiva silva', '237.348.459-99', '(11) 91397-1122', 'laura.neiva@email.com'),
('Arthur Aguiar queiroz', '348.459.560-00', '(21) 90408-2233', 'arthur.aguiar@email.com'),
('Maíra Cardi santos', '459.560.671-22', '(11) 99519-3344', 'maira.cardi@email.com'),
('Jade Picon frota', '560.671.782-33', '(11) 98620-4455', 'jade.picon@email.com'),
('Leo Picon frota', '671.782.893-44', '(11) 97731-5566', 'leo.picon@email.com'),
('Paulo André camilo', '782.893.904-55', '(27) 96842-6677', 'paulo.andre@email.com'),
('Pedro Scooby vianna', '893.904.015-66', '(21) 95953-7788', 'pedro.scooby@email.com'),
('Douglas Silva santos', '904.015.126-77', '(21) 95064-8899', 'douglas.silva@email.com'),
('Brunna Gonçalves oliveira', '015.126.237-88', '(21) 94175-9900', 'brunna.goncal@email.com'),
('Paulo Gustavo amaral', '126.237.348-99', '(21) 93286-0011', 'paulo.gustavo@email.com'),
('Thales Bretas santos', '237.348.459-00', '(21) 92397-1122', 'thales.bretas@email.com'),
('Omega Participações LTDA', '89.012.345/0001-22', '(51) 3322-7700', 'contato@omegapart.com'),
('Marcus Majella neto', '348.459.560-11', '(21) 91408-2233', 'marcus.majella@email.com'),
('Samantha Schmutz lima', '459.560.671-33', '(21) 90519-3344', 'samantha.schmutz@email.com'),
('Catarina Abdalla costa', '560.671.782-44', '(21) 99620-4455', 'catarina.abdalla@email.com'),
('Fiuk Filipe galvão', '671.782.893-55', '(11) 98731-5566', 'fiuk.filipe@email.com'),
('Cleo Pires ayrosa', '782.893.904-66', '(21) 97842-6677', 'cleo.pires@email.com'),
('Fábio Júnior galvão', '893.904.015-77', '(11) 96953-7788', 'fabio.jr@email.com'),
('Zezé Motta maria', '904.015.126-88', '(21) 96064-8899', 'zeze.motta@email.com'),
('Taís Araújo ramos', '015.126.237-99', '(21) 95175-9900', 'tais.araujo@email.com'),
('Lázaro Ramos ramos', '126.237.348-00', '(21) 94286-0011', 'lazaro.ramos@email.com');


-- CLIENTE
INSERT INTO Cliente (nome, cpf, telefone, email) VALUES
('Alan Kardec Medeiros', '400.111.222-01', '(11) 96001-1001', 'alan.kardec@email.com'),
('Bruna Marquezine Fontes', '400.111.222-02', '(21) 96002-1002', 'bruna.marq@email.com'),
('Caio Alexandre Pires', '400.111.222-03', '(31) 96003-1003', 'caio.alex@email.com'),
('Daiane dos Santos Lima', '400.111.222-04', '(41) 96004-1004', 'daiane.santos@email.com'),
('Elaine Cristina Zanella', '400.111.222-05', '(51) 96005-1005', 'elaine.cristina@email.com'),
('Fabrício Dornelles Melo', '400.111.222-06', '(61) 96006-1006', 'fabricio.dorn@email.com'),
('Geraldo Alckmin Prado', '400.111.222-07', '(71) 96007-1007', 'geraldo.prado@email.com'),
('Heloísa Helena Silveira', '400.111.222-08', '(81) 96008-1008', 'heloisa.helena@email.com'),
('Isaac Newton Guimarães', '400.111.222-09', '(91) 96009-1009', 'isaac.newton@email.com'),
('Janaína Paschoal Reis', '400.111.222-10', '(19) 96010-1010', 'janaina.pasch@email.com'),
('Kevin de Bruyne Souza', '400.111.222-11', '(11) 96011-1011', 'kevin.souza@email.com'),
('Lorena Improta Queiroz', '400.111.222-12', '(21) 96012-1012', 'lorena.imp@email.com'),
('Maurício Mattar Filgueiras', '400.111.222-13', '(31) 96013-1013', 'mauricio.mattar@email.com'),
('Natália Guimarães Borges', '400.111.222-14', '(41) 96014-1014', 'natalia.guim@email.com'),
('Osvaldo Montenegro Duarte', '400.111.222-15', '(51) 96015-1015', 'osvaldo.monte@email.com'),
('Paloma Duarte Figueiredo', '400.111.222-16', '(61) 96016-1016', 'paloma.duarte@email.com'),
('Quirino da Silva Ramos', '400.111.222-17', '(71) 96017-1017', 'quirino.ramos@email.com'),
('Rebeca Andrade Sales', '400.111.222-18', '(81) 96018-1018', 'rebeca.andrade@email.com'),
('Samuel Rosa Alvarenga', '400.111.222-19', '(91) 96019-1019', 'samuel.alv@email.com'),
('Tainá Müller Junqueira', '400.111.222-20', '(85) 96020-1020', 'taina.muller@email.com'),
('Ueliton da Costa Braga', '400.111.222-21', '(11) 96021-1021', 'ueliton.braga@email.com'),
('Viviane Araújo Pasmanter', '400.111.222-22', '(21) 96022-1022', 'viviane.araujo@email.com'),
('Wagner Moura Padilha', '400.111.222-23', '(31) 96023-1023', 'wagner.moura@email.com'),
('Yasmin Brunet Fagundes', '400.111.222-24', '(41) 96024-1024', 'yasmin.brunet@email.com'),
('Zélia Gattai Amado', '400.111.222-25', '(51) 96025-1025', 'zelia.gattai@email.com'),
('Adriano Imperador Ribeiro', '400.111.222-26', '(62) 96026-1026', 'adriano.imp@email.com'),
('Breno Silveira Meirelles', '400.111.222-27', '(71) 96027-1027', 'breno.silv@email.com'),
('Carina Vitral Sampaio', '400.111.222-28', '(81) 96028-1028', 'carina.vitral@email.com'),
('Danilo Barbosa Ornelas', '400.111.222-29', '(92) 96029-1029', 'danilo.barb@email.com'),
('Érika Januza da Silva', '400.111.222-30', '(19) 96030-1030', 'erika.januza@email.com'),
('Flávio Canto Guimarães', '400.111.222-31', '(11) 96031-1031', 'flavio.canto@email.com'),
('Gláucia Nasser Peixoto', '400.111.222-32', '(21) 96032-1032', 'glaucia.nasser@email.com'),
('Heitor Martinez Mello', '400.111.222-33', '(31) 96033-1033', 'heitor.martinez@email.com'),
('Ingrid Guimarães Rocha', '400.111.222-34', '(41) 96034-1034', 'ingrid.guim@email.com'),
('Jonas Bloch Cavalcanti', '400.111.222-35', '(51) 96035-1035', 'jonas.bloch@email.com'),
('Kátia Barbosa Abrantes', '400.111.222-36', '(16) 96036-1036', 'katia.barbosa@email.com'),
('Leandro Hassum Moreira', '400.111.222-37', '(84) 96037-1037', 'leandro.hassum@email.com'),
('Mayara Magri Vasconcelos', '400.111.222-38', '(79) 96038-1038', 'mayara.magri@email.com'),
('Nilton Santos Albuquerque', '400.111.222-39', '(67) 96039-1039', 'nilton.santos@email.com'),
('Olívia Torres Serrado', '400.111.222-40', '(11) 96040-1040', 'olivia.torres@email.com'),
('Patrick de Paula Carreiro', '400.111.222-41', '(11) 96041-1041', 'patrick.paula@email.com'),
('Raquel de Queiroz Neto', '400.111.222-42', '(21) 96042-1042', 'raquel.queiroz@email.com'),
('Samara Felippo Santana', '400.111.222-43', '(31) 96043-1043', 'samara.felip@email.com'),
('Talita Younan Castanha', '400.111.222-44', '(41) 96044-1044', 'talita.younan@email.com'),
('Uanderson Silva Viana', '400.111.222-45', '(51) 96045-1045', 'uanderson.silva@email.com'),
('Valter Birck Ostermann', '400.111.222-46', '(12) 96046-1046', 'valter.birck@email.com'),
('Yuri Marçal Vasconcelos', '400.111.222-47', '(32) 96047-1047', 'yuri.marcal@email.com'),
('Zilá Bernd Dornelles', '400.111.222-48', '(47) 96048-1048', 'zila.bernd@email.com'),
('Anderson Silva Noguchi', '400.111.222-49', '(81) 96048-1049', 'anderson.silva@email.com'),
('Bárbara Paz Guimarães', '400.111.222-50', '(51) 96050-1050', 'barbara.paz@email.com');
('Ciro Gomes Nogueira', '400.111.222-51', '(11) 96051-1051', 'ciro.gomes@email.com'),
('Denise Fraga Mello', '400.111.222-52', '(21) 96052-1052', 'denise.fraga@email.com'),
('Evandro Mesquita Paiva', '400.111.222-53', '(31) 96053-1053', 'evandro.mesq@email.com'),
('Francine Piaia Cardoso', '400.111.222-54', '(41) 96054-1054', 'francine.piaia@email.com'),
('Giba Godoy de Santana', '400.111.222-55', '(51) 96055-1055', 'giba.godoy@email.com'),
('Helena Ranaldi Nogueira', '400.111.222-56', '(81) 96056-1056', 'helena.ranaldi@email.com'),
('Ismael Silva de Oliveira', '400.111.222-57', '(61) 96057-1057', 'ismael.silva@email.com'),
('Joyce Ribeiro Junqueira', '400.111.222-58', '(51) 96058-1058', 'joyce.ribeiro@email.com'),
('Kléber Gladiador Giacomazzi', '400.111.222-59', '(11) 96059-1059', 'kleber.giac@email.com'),
('Luiza Possi Zizi', '400.111.222-60', '(11) 96060-1060', 'luiza.possi@email.com'),
('Milena Toscano Penna', '400.111.222-61', '(21) 96061-1061', 'milena.toscano@email.com'),
('Nelson Piquet Souto', '400.111.222-62', '(31) 96062-1062', 'nelson.piquet@email.com'),
('Otávio Mesquita Lins', '400.111.222-63', '(41) 96063-1063', 'otavio.mesq@email.com'),
('Paula Fernandes de Souza', '400.111.222-64', '(51) 96064-1064', 'paula.fern@email.com'),
('Rubens Barrichello Prado', '400.111.222-65', '(11) 96065-1065', 'rubens.barr@email.com'),
('Sheron Menezzes Costa', '400.111.222-66', '(16) 96066-1066', 'sheron.menez@email.com'),
('Tuca Andrada Medeiros', '400.111.222-67', '(21) 96067-1067', 'tuca.andrada@email.com'),
('Valéria Valenssa Lima', '400.111.222-68', '(21) 96068-1068', 'valeria.val@email.com'),
('Washington Olivetto Silva', '400.111.222-69', '(21) 96069-1069', 'wash.olivetto@email.com'),
('Zeca Camargo Nascimento', '400.111.222-70', '(11) 96070-1070', 'zeca.camargo@email.com'),
('Amanda Seyfried Rezende', '400.111.222-71', '(21) 96071-1071', 'amanda.seyf@email.com'),
('Beto Barbosa Marques', '400.111.222-72', '(31) 96072-1072', 'beto.barbosa@email.com'),
('Cissa Guimarães Ramos', '400.111.222-73', '(41) 96073-1073', 'cissa.guim@email.com'),
('Danton Mello Rezende', '400.111.222-74', '(51) 96074-1074', 'danton.mello@email.com'),
('Eliane Giardini Fonseca', '400.111.222-75', '(11) 96075-1075', 'eliane.giard@email.com'),
('Felipe Massa Titto', '400.111.222-76', '(21) 96076-1076', 'felipe.massa@email.com'),
('Giovanna Antonelli Costa', '400.111.222-77', '(21) 96077-1077', 'giovanna.ant@email.com'),
('Henri Castelli Fernandes', '400.111.222-78', '(11) 96078-1078', 'henri.cast@email.com'),
('Ísis Valverde Pinheiro', '400.111.222-79', '(21) 96079-1079', 'isis.valv@email.com'),
('Jayme Monjardim Matarazzo', '400.111.222-80', '(11) 96080-1080', 'jayme.monj@email.com'),
('Kadu Moliterno Mendes', '400.111.222-81', '(21) 96081-1081', 'kadu.molit@email.com'),
('Letícia Spiller Fontes', '400.111.222-82', '(11) 96082-1082', 'leticia.spill@email.com'),
('Murilo Benício Ribeiro', '400.111.222-83', '(21) 96083-1083', 'murilo.ben@email.com'),
('Nívea Maria Cândido', '400.111.222-84', '(31) 96084-1084', 'nivea.maria@email.com'),
('Otávio Augusto Toledo', '400.111.222-85', '(41) 96085-1085', 'otavio.aug@email.com'),
('Patrício Bisso de Lima', '400.111.222-86', '(11) 96086-1086', 'patricio.bisso@email.com'),
('Regiane Alves Teixeira', '400.111.222-87', '(11) 96087-1087', 'regiane.alves@email.com'),
('Stênio Garcia Faro', '400.111.222-88', '(11) 96088-1088', 'stenio.garcia@email.com'),
('Tato Gabus Mendes', '400.111.222-89', '(21) 96089-1089', 'tato.gabus@email.com'),
('Vera Fischer Albuquerque', '400.111.222-90', '(11) 96090-1090', 'vera.fischer@email.com'),
('Werner Schünemann Cruz', '400.111.222-91', '(71) 96091-1091', 'werner.schun@email.com'),
('Zezé Polessa Abrantes', '400.111.222-92', '(71) 96092-1092', 'zeze.polessa@email.com'),
('Arthur Zanetti Ramos', '400.111.222-93', '(21) 96093-1093', 'arthur.zan@email.com'),
('Bruna Linzmeyer Silva', '400.111.222-94', '(11) 96094-1094', 'bruna.linz@email.com'),
('Caco Ciocler Antunes', '400.111.222-95', '(62) 96095-1095', 'caco.ciocler@email.com'),
('Daniel Boaventura Dias', '400.111.222-96', '(62) 96096-1096', 'daniel.boav@email.com'),
('Emanuelle Araújo Costa', '400.111.222-97', '(62) 96097-1097', 'emanuelle.ar@email.com'),
('Fabiula Nascimento Pinto', '400.111.222-98', '(62) 96098-1098', 'fabiula.nasc@email.com'),
('Gabriel Braga Nunes', '400.111.222-99', '(62) 96099-1099', 'gabriel.braga@email.com'),
('Heloísa Périssé Machado', '400.111.223-00', '(62) 96100-1100', 'heloisa.peri@email.com');
('Ícaro Silva Ferreira', '400.111.223-01', '(62) 96101-1101', 'icaro.silva@email.com'),
('Julia Lemmertz Dias', '400.111.223-02', '(85) 96102-1102', 'julia.lemm@email.com'),
('Kiko Mascarenhas Lins', '400.111.223-03', '(85) 96103-1103', 'kiko.masc@email.com'),
('Leona Cavalli Fonseca', '400.111.223-04', '(11) 96104-1104', 'leona.cavalli@email.com'),
('Malvino Salvador Ramos', '400.111.223-05', '(11) 96105-1105', 'malvino.salv@email.com'),
('Natallia Rodrigues Paz', '400.111.223-06', '(62) 96106-1106', 'natallia.rod@email.com'),
('Oscar Magrini Bastos', '400.111.223-07', '(11) 96107-1107', 'oscar.magrini@email.com'),
('Pathy Dejesus Andrade', '400.111.223-08', '(11) 96108-1108', 'pathy.dejesus@email.com'),
('Rainer Cadete Silveira', '400.111.223-09', '(19) 96109-1109', 'rainer.cadete@email.com'),
('Sérgio Marone Moreira', '400.111.223-10', '(19) 96110-1110', 'sergio.marone@email.com'),
('Tânia Khalill Barbosa', '400.111.223-11', '(14) 96111-1111', 'tania.khalill@email.com'),
('Umberto Magnani Neto', '400.111.223-12', '(21) 96112-1112', 'umberto.mag@email.com'),
('Vanessa Giácomo Vieira', '400.111.223-13', '(21) 96113-1113', 'vanessa.giac@email.com'),
('Walderez de Barros Lima', '400.111.223-14', '(21) 96114-1114', 'walderez.barr@email.com'),
('Alexandre Nero Moura', '400.111.223-15', '(11) 96115-1115', 'alexandre.nero@email.com'),
('Bárbara Colen Santos', '400.111.223-16', '(11) 96116-1116', 'barbara.colen@email.com'),
('Chay Suede Albuquerque', '400.111.223-17', '(21) 96117-1117', 'chay.suede2@email.com'),
('Dira Paes Vasconcelos', '400.111.223-18', '(21) 96118-1118', 'dira.paes@email.com'),
('Emílio Dantas Carvalho', '400.111.223-19', '(21) 96119-1119', 'emilio.dantas@email.com'),
('Felipe Simas Fontes', '400.111.223-20', '(21) 96120-1120', 'felipe.simas@email.com'),
('Giovanna Lancellotti', '400.111.223-21', '(11) 96121-1121', 'giovanna.lanc@email.com'),
('Humberto Carrão Pinto', '400.111.223-22', '(11) 96122-1122', 'humberto.car@email.com'),
('Isabella Santoni Ramos', '400.111.223-23', '(11) 96123-1123', 'isabella.sant@email.com'),
('Johnny Massaro Lins', '400.111.223-24', '(11) 96124-1124', 'johnny.mass@email.com'),
('Kizi Vaz de Oliveira', '400.111.223-25', '(11) 96125-1125', 'kizi.vaz@email.com'),
('Lucy Alves Cavalcanti', '400.111.223-26', '(11) 96126-1126', 'lucy.alves@email.com'),
('Marcello Melo Junior', '400.111.223-27', '(21) 96127-1127', 'marcello.melo@email.com'),
('Nanda Costa Ribeiro', '400.111.223-28', '(21) 96128-1128', 'nanda.costa@email.com'),
('Othon Bastos Sobrinho', '400.111.223-29', '(11) 96129-1129', 'othon.bastos@email.com'),
('Poliana Abrantes Sales', '400.111.223-30', '(31) 96130-1130', 'poliana.abr@email.com'),
('Rômulo Estrela Guimarães', '400.111.223-31', '(31) 96131-1131', 'romulo.estrela@email.com'),
('Sophie Charlotte Wolf', '400.111.223-32', '(11) 96132-1132', 'sophie.charl@email.com'),
('Tuca Andrada Peixoto', '400.111.223-33', '(21) 96133-1133', 'tuca.andrada2@email.com'),
('Viviane Pasmanter Cruz', '400.111.223-34', '(21) 96134-1134', 'viviane.pasm@email.com'),
('Zezé Polessa Antunes', '400.111.223-35', '(21) 96135-1135', 'zeze.polessa2@email.com'),
('Aline Fanju Barbosa', '400.111.223-36', '(21) 96136-1136', 'aline.fanju@email.com'),
('Bruno Gissoni Simas', '400.111.223-37', '(21) 96137-1137', 'bruno.gissoni@email.com'),
('Carla Diaz Fagundes', '400.111.223-38', '(21) 96138-1137', 'carla.diaz@email.com'),
('Daniel Rocha Azevedo', '400.111.223-39', '(21) 96139-1139', 'daniel.rocha@email.com'),
('Erika Januza Fontes', '400.111.223-40', '(21) 96140-1140', 'erika.januza2@email.com'),
('Flávio Tolezani Lima', '400.111.223-41', '(21) 96141-1141', 'flavio.tolez@email.com'),
('Guilherme Weber Silva', '400.111.223-42', '(21) 96142-1142', 'guilherme.web@email.com'),
('Hugo Bonemer Castelli', '400.111.223-43', '(21) 96143-1143', 'hugo.bonemer@email.com'),
('Isabella Santoni Lins', '400.111.223-44', '(11) 96144-1144', 'isabella.santo2@email.com'),
('Josie Pessoa Cavalcante', '400.111.223-45', '(21) 96145-1145', 'josie.pessoa@email.com'),
('Kadu Moliterno Fontes', '400.111.223-46', '(61) 96146-1146', 'kadu.molit2@email.com'),
('Laryssa Ayres Miranda', '400.111.223-47', '(21) 96147-1147', 'laryssa.ayres@email.com'),
('Marcelo Faria Rego', '400.111.223-48', '(11) 96148-1148', 'marcelo.faria@email.com'),
('Nando Rodrigues Souza', '400.111.223-49', '(21) 96149-1149', 'nando.rodr@email.com'),
('Oscar Magrini Pires', '400.111.223-50', '(21) 96150-1150', 'oscar.magrini2@email.com');
('Pamela Tomé Resende', '400.111.223-51', '(21) 96151-1151', 'pamela.tome@email.com'),
('Ricardo Tozzi Ramos', '400.111.223-52', '(21) 96152-1152', 'ricardo.tozzi@email.com'),
('Sabrina Petraglia Mello', '400.111.223-53', '(11) 96153-1153', 'sabrina.petra@email.com'),
('Thiago Fragoso Silva', '400.111.223-54', '(21) 96154-1154', 'thiago.fragoso@email.com'),
('Ursula Corona Borges', '400.111.223-55', '(11) 96155-1155', 'ursula.corona@email.com'),
('Vitor Thiré Fontoura', '400.111.223-56', '(21) 96156-1156', 'vitor.thire@email.com'),
('Yanna Lavigne Gissoni', '400.111.223-57', '(21) 96157-1157', 'yanna.lavigne@email.com'),
('Zezé Polessa Serrado', '400.111.223-58', '(21) 96158-1158', 'zeze.polessa3@email.com'),
('Agatha Moreira Simas', '400.111.223-59', '(11) 96159-1159', 'agatha.moreira@email.com'),
('Bruno Ferrari Santos', '400.111.223-60', '(21) 96160-1160', 'bruno.ferrari@email.com'),
('Cynthia Senek Antunes', '400.111.223-61', '(21) 96161-1161', 'cynthia.senek@email.com'),
('Danilo Mesquita Paes', '400.111.223-62', '(21) 96162-1162', 'danilo.mesq2@email.com'),
('Erico Brás Oliveira', '400.111.223-63', '(21) 96163-1163', 'erico.bras@email.com'),
('Felipe Hintze Abreu', '400.111.223-64', '(11) 96164-1164', 'felipe.hintze@email.com'),
('Guilherme Hamacek Lins', '400.111.223-65', '(11) 96165-1165', 'guilherme.ham@email.com'),
('Isabella Santoni Costa', '400.111.223-66', '(11) 96166-1166', 'isabella.santo3@email.com'),
('Julia Dalavia Mendes', '400.111.223-67', '(21) 96167-1167', 'julia.dalavia@email.com'),
('Kayky Brito Carneiro', '400.111.223-68', '(21) 96168-1168', 'kayky.brito@email.com'),
('Laryssa Ayres Lins', '400.111.223-69', '(21) 96169-1169', 'laryssa.ayres2@email.com'),
('Marcelo Antony Ramos', '400.111.223-70', '(21) 96170-1170', 'marcelo.antony@email.com'),
('Nicolas Prattes Pires', '400.111.223-71', '(21) 96171-1171', 'nicolas.prat@email.com'),
('Olivia Torres Antunes', '400.111.223-72', '(11) 96172-1172', 'olivia.torres2@email.com'),
('Pâmela Tomé Fonseca', '400.111.223-73', '(21) 96173-1173', 'pamela.tome2@email.com'),
('Rodrigo Simas Gissoni', '400.111.223-74', '(21) 96174-1174', 'rodrigo.simas@email.com'),
('Sabrina Petraglia Rios', '400.111.223-75', '(11) 96175-1175', 'sabrina.petra2@email.com'),
('Thiago Rodrigues Melo', '400.111.223-76', '(21) 96176-1176', 'thiago.rodr@email.com'),
('Valentina Herszage', '400.111.223-77', '(21) 96177-1177', 'val.herszage@email.com'),
('Werner Schünemann Cruz', '400.111.223-78', '(51) 96178-1178', 'werner.schu2@email.com'),
('Yanna Lavigne Costa', '400.111.223-79', '(21) 96179-1179', 'yanna.lavigne2@email.com'),
('Zezé Polessa Fontes', '400.111.223-80', '(21) 96180-1180', 'zeze.polessa4@email.com'),
('Apollo Costa Fagundes', '400.111.223-81', '(11) 96181-1181', 'apollo.costa@email.com'),
('Bruna Griphao Orphao', '400.111.223-82', '(21) 96182-1182', 'bruna.griphao@email.com'),
('Christian Figueiredo', '400.111.223-83', '(11) 96183-1183', 'christian.fig@email.com'),
('Daniel Rangel Castanha', '400.111.223-84', '(21) 96184-1184', 'daniel.rangel@email.com'),
('Erika Januza Santos', '400.111.223-85', '(21) 96185-1185', 'erika.januza3@email.com'),
('Felipe Hintze Silveira', '400.111.223-86', '(11) 96186-1186', 'felipe.hintze2@email.com'),
('Giovanna Rispoli Pinto', '400.111.223-87', '(11) 96187-1187', 'giovanna.risp@email.com'),
('Heslaine Vieira Costa', '400.111.223-88', '(21) 96188-1188', 'heslaine.vieira@email.com'),
('Isabella Santoni Viana', '400.111.223-89', '(11) 96189-1189', 'isabella.santo4@email.com'),
('Joana Fomm Albuquerque', '400.111.223-90', '(21) 96190-1190', 'joana.fomm@email.com'),
('Kizi Vaz Antunes', '400.111.223-91', '(21) 96191-1191', 'kizi.vaz2@email.com'),
('Luellem de Castro Rosa', '400.111.223-92', '(21) 96192-1192', 'luellem.castro@email.com'),
('Malvino Salvador Neto', '400.111.223-93', '(21) 96193-1193', 'malvino.salv2@email.com'),
('Nego do Borel Albuquerque', '400.111.223-94', '(21) 96194-1194', 'nego.borel@email.com'),
('Olivia Torres Meirelles', '400.111.223-95', '(11) 96195-1195', 'olivia.torres3@email.com'),
('Pâmela Tomé Lins', '400.111.223-96', '(21) 96196-1196', 'pamela.tome3@email.com'),
('Rayan Lucas Medeiros', '400.111.223-97', '(21) 96197-1197', 'rayan.lucas@email.com'),
('Susan Nazareth Alckmin', '400.111.223-98', '(21) 96198-1198', 'susan.nazareth@email.com'),
('Thales Cavalcanti Luz', '400.111.223-99', '(21) 96199-1199', 'thales.caval@email.com'),
('Zezé Polessa Marques', '400.111.224-00', '(21) 96200-1200', 'zeze.polessa5@email.com');


-- CORRETOR
INSERT INTO Corretor (nome, creci, telefone, email) VALUES
('André Silva', 'CRECI-SP-10001', '(11) 98765-4321', 'andre.silva@email.com'),
('Beatriz Santos', 'CRECI-SP-10002', '(11) 98765-4322', 'beatriz.santos@email.com'),
('Carlos Oliveira', 'CRECI-SP-10003', '(11) 98765-4323', 'carlos.oliveira@email.com'),
('Daniela Souza', 'CRECI-SP-10004', '(11) 98765-4324', 'daniela.souza@email.com'),
('Eduardo Lima', 'CRECI-SP-10005', '(11) 98765-4325', 'eduardo.lima@email.com'),
('Fernanda Costa', 'CRECI-SP-10006', '(11) 98765-4326', 'fernanda.costa@email.com'),
('Gabriel Rodrigues', 'CRECI-SP-10007', '(11) 98765-4327', 'gabriel.rodrigues@email.com'),
('Helena Almeida', 'CRECI-SP-10008', '(11) 98765-4328', 'helena.almeida@email.com'),
('Igor Nascimento', 'CRECI-SP-10009', '(11) 98765-4329', 'igor.nascimento@email.com'),
('Juliana Ribeiro', 'CRECI-SP-10010', '(11) 98765-4330', 'juliana.ribeiro@email.com'),
('Kleber Carvalho', 'CRECI-SP-10011', '(11) 98765-4331', 'kleber.carvalho@email.com'),
('Letícia Gomes', 'CRECI-SP-10012', '(11) 98765-4332', 'leticia.gomes@email.com'),
('Marcelo Martins', 'CRECI-SP-10013', '(11) 98765-4333', 'marcelo.martins@email.com'),
('Natália Rocha', 'CRECI-SP-10014', '(11) 98765-4334', 'natalia.rocha@email.com'),
('Otávio Mendes', 'CRECI-SP-10015', '(11) 98765-4335', 'otavio.mendes@email.com'),
('Patrícia Barbosa', 'CRECI-SP-10016', '(11) 98765-4336', 'patricia.barbosa@email.com'),
('Ricardo Freitas', 'CRECI-SP-10017', '(11) 98765-4337', 'ricardo.freitas@email.com'),
('Sabrina Cardoso', 'CRECI-SP-10018', '(11) 98765-4338', 'sabrina.cardoso@email.com'),
('Thiago Melo', 'CRECI-SP-10019', '(11) 98765-4339', 'thiago.melo@email.com'),
('Vanessa Dias', 'CRECI-SP-10020', '(11) 98765-4340', 'vanessa.dias@email.com'),
('Alexandre Ramos', 'CRECI-SP-10021', '(11) 98765-4341', 'alexandre.ramos@email.com'),
('Bruna Teixeira', 'CRECI-SP-10022', '(11) 98765-4342', 'bruna.teixeira@email.com'),
('Caio Vieira', 'CRECI-SP-10023', '(11) 98765-4343', 'caio.vieira@email.com'),
('Débora Marques', 'CRECI-SP-10024', '(11) 98765-4344', 'debora.marques@email.com'),
('Emílio Machado', 'CRECI-SP-10025', '(11) 98765-4345', 'emilio.machado@email.com'),
('Flávia Nunes', 'CRECI-SP-10026', '(11) 98765-4346', 'flavia.nunes@email.com'),
('Guilherme Correa', 'CRECI-SP-10027', '(11) 98765-4347', 'guilherme.correa@email.com'),
('Irina Pires', 'CRECI-SP-10028', '(11) 98765-4348', 'irina.pires@email.com'),
('Jonas Assunção', 'CRECI-SP-10029', '(11) 98765-4349', 'jonas.assuncao@email.com'),
('Karina Campos', 'CRECI-SP-10030', '(11) 98765-4350', 'karina.campos@email.com'),
('Leonardo Cunha', 'CRECI-SP-10031', '(11) 98765-4351', 'leonardo.cunha@email.com'),
('Mariana Fonseca', 'CRECI-SP-10032', '(11) 98765-4352', 'mariana.fonseca@email.com'),
('Nicolas Viana', 'CRECI-SP-10033', '(11) 98765-4353', 'nicolas.viana@email.com'),
('Olívia Castro', 'CRECI-SP-10034', '(11) 98765-4354', 'olivia.castro@email.com'),
('Pedro Aguiar', 'CRECI-SP-10035', '(11) 98765-4355', 'pedro.aguiar@email.com'),
('Raquel Xavier', 'CRECI-SP-10036', '(11) 98765-4356', 'raquel.xavier@email.com'),
('Samuel Antunes', 'CRECI-SP-10037', '(11) 98765-4357', 'samuel.antunes@email.com'),
('Tânia Guimarães', 'CRECI-SP-10038', '(11) 98765-4358', 'tania.guimaraes@email.com'),
('Ueliton Passos', 'CRECI-SP-10039', '(11) 98765-4359', 'ueliton.passos@email.com'),
('Viviane Borges', 'CRECI-SP-10040', '(11) 98765-4360', 'viviane.borges@email.com'),
('William Faria', 'CRECI-SP-10041', '(11) 98765-4361', 'william.faria@email.com'),
('Yasmin Morais', 'CRECI-SP-10042', '(11) 98765-4362', 'yasmin.morais@email.com'),
('Zeca Godoy', 'CRECI-SP-10043', '(11) 98765-4363', 'zeca.godoy@email.com'),
('Adriana Neves', 'CRECI-SP-10044', '(11) 98765-4364', 'adriana.neves@email.com'),
('Bruno Ferraz', 'CRECI-SP-10045', '(11) 98765-4365', 'bruno.ferraz@email.com'),
('Camila Franco', 'CRECI-SP-10046', '(11) 98765-4366', 'camila.franco@email.com'),
('Danilo Prado', 'CRECI-SP-10047', '(11) 98765-4367', 'danilo.prado@email.com'),
('Elaine Santiago', 'CRECI-SP-10048', '(11) 98765-4368', 'elaine.santiago@email.com'),
('Felipe Junqueira', 'CRECI-SP-10049', '(11) 98765-4369', 'felipe.junqueira@email.com'),
('Gisele Paiva', 'CRECI-SP-10050', '(11) 98765-4370', 'gisele.paiva@email.com'),
('Heitor Malta', 'CRECI-SP-10051', '(11) 98765-4371', 'heitor.malta@email.com'),
('Isabela Sales', 'CRECI-SP-10052', '(11) 98765-4372', 'isabela.sales@email.com'),
('Jorge Valente', 'CRECI-SP-10053', '(11) 98765-4373', 'jorge.valente@email.com'),
('Kátia Beltrão', 'CRECI-SP-10054', '(11) 98765-4374', 'katia.beltrao@email.com'),
('Lucas Miranda', 'CRECI-SP-10055', '(11) 98765-4375', 'lucas.miranda@email.com'),
('Milena Bueno', 'CRECI-SP-10056', '(11) 98765-4376', 'milena.bueno@email.com'),
('Nelson Toledo', 'CRECI-SP-10057', '(11) 98765-4377', 'nelson.toledo@email.com'),
('Priscila Figueira', 'CRECI-SP-10058', '(11) 98765-4378', 'priscila.figueira@email.com'),
('Renato Leal', 'CRECI-SP-10059', '(11) 98765-4379', 'renato.leal@email.com'),
('Simone Meireles', 'CRECI-SP-10060', '(11) 98765-4380', 'simone.meireles@email.com'),
('Arthur Malta', 'CRECI-SP-10061', '(11) 98765-4381', 'arthur.malta@email.com'),
('Bárbara Lins', 'CRECI-SP-10062', '(11) 98765-4382', 'barbara.lins@email.com'),
('Cristiano Frota', 'CRECI-SP-10063', '(11) 98765-4383', 'cristiano.frota@email.com'),
('Diana Guerra', 'CRECI-SP-10064', '(11) 98765-4384', 'diana.guerra@email.com'),
('Erick Moutinho', 'CRECI-SP-10065', '(11) 98765-4385', 'erick.moutinho@email.com'),
('Francine Sampaio', 'CRECI-SP-10066', '(11) 98765-4386', 'francine.sampaio@email.com'),
('Gustavo Bernardes', 'CRECI-SP-10067', '(11) 98765-4387', 'gustavo.bernardes@email.com'),
('Heloísa Peixoto', 'CRECI-SP-10068', '(11) 98765-4388', 'heloisa.peixoto@email.com'),
('Icaro Padilha', 'CRECI-SP-10069', '(11) 98765-4389', 'icaro.padilha@email.com'),
('Jaqueline Simões', 'CRECI-SP-10070', '(11) 98765-4390', 'jaqueline.simoes@email.com'),
('Kevin Nogueira', 'CRECI-SP-10071', '(11) 98765-4391', 'kevin.nogueira@email.com'),
('Larissa Falcão', 'CRECI-SP-10072', '(11) 98765-4392', 'larissa.falcao@email.com'),
('Murilo Mansur', 'CRECI-SP-10073', '(11) 98765-4393', 'murilo.mansur@email.com'),
('Nádia Cerqueira', 'CRECI-SP-10074', '(11) 98765-4394', 'nadia.cerqueira@email.com'),
('Orlando Bragança', 'CRECI-SP-10075', '(11) 98765-4395', 'orlando.braganca@email.com'),
('Pamela Dorneles', 'CRECI-SP-10076', '(11) 98765-4396', 'pamela.dorneles@email.com'),
('Ronaldo Azeredo', 'CRECI-SP-10077', '(11) 98765-4397', 'ronaldo.azeredo@email.com'),
('Stela Garcez', 'CRECI-SP-10078', '(11) 98765-4398', 'stela.garcez@email.com'),
('Túlio Vasconcelos', 'CRECI-SP-10079', '(11) 98765-4399', 'tulio.vasconcelos@email.com'),
('Valéria Medeiros', 'CRECI-SP-10080', '(11) 98765-4400', 'valeria.medeiros@email.com'),
('Augusto Chaves', 'CRECI-SP-10081', '(11) 98765-4401', 'augusto.chaves@email.com'),
('Bianca Rebouças', 'CRECI-SP-10082', '(11) 98765-4402', 'bianca.reboucas@email.com'),
('Cláudio Telles', 'CRECI-SP-10083', '(11) 98765-4403', 'claudio.telles@email.com'),
('Danieli Rezende', 'CRECI-SP-10084', '(11) 98765-4404', 'danieli.rezende@email.com'),
('Elias Albuquerque', 'CRECI-SP-10085', '(11) 98765-4405', 'elias.albuquerque@email.com'),
('Fernando Villela', 'CRECI-SP-10086', '(11) 98765-4406', 'fernando.villela@email.com'),
('Giovana Fraga', 'CRECI-SP-10087', '(11) 98765-4407', 'giovana.fraga@email.com'),
('Hugo Dornelles', 'CRECI-SP-10088', '(11) 98765-4408', 'hugo.dornelles@email.com'),
('Ingrid Lemos', 'CRECI-SP-10089', '(11) 98765-4409', 'ingrid.lemos@email.com'),
('Júlio Veras', 'CRECI-SP-10090', '(11) 98765-4410', 'julio.veras@email.com'),
('Katarina Souto', 'CRECI-SP-10091', '(11) 98765-4411', 'katarina.souto@email.com'),
('Leonardo Bulhões', 'CRECI-SP-10092', '(11) 98765-4412', 'leonardo.bulhoes@email.com'),
('Manuela Leitão', 'CRECI-SP-10093', '(11) 98765-4413', 'manuela.leitao@email.com'),
('Nathan Arantes', 'CRECI-SP-10094', '(11) 98765-4414', 'nathan.arantes@email.com'),
('Ofélia Godinho', 'CRECI-SP-10095', '(11) 98765-4415', 'ofelia.godinho@email.com'),
('Paulo Caldas', 'CRECI-SP-10096', '(11) 98765-4416', 'paulo.caldas@email.com'),
('Regiane Montenegro', 'CRECI-SP-10097', '(11) 98765-4417', 'regiane.montenegro@email.com'),
('Sandro Amaral', 'CRECI-SP-10098', '(11) 98765-4418', 'sandro.amaral@email.com'),
('Tatiane Seixas', 'CRECI-SP-10099', '(11) 98765-4419', 'tatiane.seixas@email.com'),
('Umberto Castelo', 'CRECI-SP-10100', '(11) 98765-4420', 'umberto.castelo@email.com'),
('Vitor Valadão', 'CRECI-SP-10101', '(11) 98765-4421', 'vitor.valadao@email.com'),
('Waldir Fontes', 'CRECI-SP-10102', '(11) 98765-4422', 'waldir.fontes@email.com'),
('Yuri Fontoura', 'CRECI-SP-10103', '(11) 98765-4423', 'yuri.fontoura@email.com'),
('Zélia Maranhão', 'CRECI-SP-10104', '(11) 98765-4424', 'zelia.maranhao@email.com'),
('Ademir Siqueira', 'CRECI-SP-10105', '(11) 98765-4425', 'ademir.siqueira@email.com'),
('Breno Peçanha', 'CRECI-SP-10106', '(11) 98765-4426', 'breno.pecanha@email.com'),
('Cíntia Malheiros', 'CRECI-SP-10107', '(11) 98765-4427', 'cintia.malheiros@email.com'),
('Diego Loureiro', 'CRECI-SP-10108', '(11) 98765-4428', 'diego.loureiro@email.com'),
('Ester Ramalho', 'CRECI-SP-10109', '(11) 98765-4429', 'ester.ramalho@email.com'),
('Fabiano Serpa', 'CRECI-SP-10110', '(11) 98765-4430', 'fabiano.serpa@email.com'),
('Glória Campelo', 'CRECI-SP-10111', '(11) 98765-4431', 'gloria.campelo@email.com'),
('Hélio Figueiredo', 'CRECI-SP-10112', '(11) 98765-4432', 'helio.figueiredo@email.com'),
('Iara Belmonte', 'CRECI-SP-10113', '(11) 98765-4433', 'iara.belmonte@email.com'),
('Jefferson Goulart', 'CRECI-SP-10114', '(11) 98765-4434', 'jefferson.goulart@email.com'),
('Kariane Ladeira', 'CRECI-SP-10115', '(11) 98765-4435', 'kariane.ladeira@email.com'),
('Leandro Pestana', 'CRECI-SP-10116', '(11) 98765-4436', 'leandro.pestana@email.com'),
('Maitê Quintanilha', 'CRECI-SP-10117', '(11) 98765-4437', 'maite.quintanilha@email.com'),
('Newton Ouriques', 'CRECI-SP-10118', '(11) 98765-4438', 'newton.ouriques@email.com'),
('Patrique Caminha', 'CRECI-SP-10119', '(11) 98765-4439', 'patrique.caminha@email.com'),
('Rosemeire Granjeiro', 'CRECI-SP-10120', '(11) 98765-4440', 'rosemeire.granjeiro@email.com'),
('Silas Alencar', 'CRECI-SP-10121', '(11) 98765-4441', 'silas.alencar@email.com'),
('Telma Caminha', 'CRECI-SP-10122', '(11) 98765-4442', 'telma.caminha@email.com'),
('Uanderson Firmino', 'CRECI-SP-10123', '(11) 98765-4443', 'uanderson.firmino@email.com'),
('Valdemar Trindade', 'CRECI-SP-10124', '(11) 98765-4444', 'valdemar.trindade@email.com'),
('Wagner Sarmento', 'CRECI-SP-10125', '(11) 98765-4445', 'wagner.sarmento@email.com'),
('Yara Dorneles', 'CRECI-SP-10126', '(11) 98765-4446', 'yara.dorneles@email.com'),
('Zilma Naves', 'CRECI-SP-10127', '(11) 98765-4447', 'zilma.naves@email.com'),
('Anselmo Furtado', 'CRECI-SP-10128', '(11) 98765-4448', 'anselmo.furtado@email.com'),
('Brígida Portela', 'CRECI-SP-10129', '(11) 98765-4449', 'brigida.portela@email.com'),
('Celso Taborda', 'CRECI-SP-10130', '(11) 98765-4450', 'celso.taborda@email.com'),
('Doralice Paranhos', 'CRECI-SP-10131', '(11) 98765-4451', 'doralice.paranhos@email.com'),
('Emanuel Proença', 'CRECI-SP-10132', '(11) 98765-4452', 'emanuel.proenca@email.com'),
('Felícia Anunciação', 'CRECI-SP-10133', '(11) 98765-4453', 'felicia.anunciacao@email.com'),
('Genésio Boaventura', 'CRECI-SP-10134', '(11) 98765-4454', 'genesio.boaventura@email.com'),
('Hilda Salgado', 'CRECI-SP-10135', '(11) 98765-4455', 'hilda.salgado@email.com'),
('Inácio Meira', 'CRECI-SP-10136', '(11) 98765-4456', 'inacio.meira@email.com'),
('Josué Alcântara', 'CRECI-SP-10137', '(11) 98765-4457', 'josue.alcantara@email.com'),
('Kênia Casagrande', 'CRECI-SP-10138', '(11) 98765-4458', 'kenia.casagrande@email.com'),
('Laerte Guidi', 'CRECI-SP-10139', '(11) 98765-4459', 'laerte.guidi@email.com'),
('Madalena Souto', 'CRECI-SP-10140', '(11) 98765-4460', 'madalena.souto@email.com'),
('Nereu Lourenço', 'CRECI-SP-10141', '(11) 98765-4461', 'nereu.lourenco@email.com'),
('Odorico Linhares', 'CRECI-SP-10142', '(11) 98765-4462', 'odorico.linhares@email.com'),
('Pérola Damasceno', 'CRECI-SP-10143', '(11) 98765-4463', 'perola.damasceno@email.com'),
('Querubim Maciel', 'CRECI-SP-10144', '(11) 98765-4464', 'querubim.maciel@email.com'),
('Rosana Lacerda', 'CRECI-SP-10145', '(11) 98765-4465', 'rosana.lacerda@email.com'),
('Sidney Fagundes', 'CRECI-SP-10146', '(11) 98765-4466', 'sidney.fagundes@email.com'),
('Tarsila Chaves', 'CRECI-SP-10147', '(11) 98765-4467', 'tarsila.chaves@email.com'),
('Ubaldo Nogueira', 'CRECI-SP-10148', '(11) 98765-4468', 'ubaldo.nogueira@email.com'),
('Valquíria Antunes', 'CRECI-SP-10149', '(11) 98765-4469', 'valquiria.antunes@email.com'),
('Waldemar Pires', 'CRECI-SP-10150', '(11) 98765-4470', 'waldemar.pires@email.com'),
('Yan Medeiros', 'CRECI-SP-10151', '(11) 98765-4471', 'yan.medeiros@email.com'),
('Zulmira Brandão', 'CRECI-SP-10152', '(11) 98765-4472', 'zulmira.brandao@email.com'),
('Aarão Benevides', 'CRECI-SP-10153', '(11) 98765-4473', 'aarao.benevides@email.com'),
('Balduíno Couto', 'CRECI-SP-10154', '(11) 98765-4474', 'balduino.couto@email.com'),
('Celina Passos', 'CRECI-SP-10155', '(11) 98765-4475', 'celina.passos@email.com'),
('Dionísio Vilaça', 'CRECI-SP-10156', '(11) 98765-4476', 'dionisio.vilaca@email.com'),
('Eulália Flores', 'CRECI-SP-10157', '(11) 98765-4477', 'eulalia.flores@email.com'),
('Fausto Gregório', 'CRECI-SP-10158', '(11) 98765-4478', 'fausto.gregorio@email.com'),
('Gertrudes Maia', 'CRECI-SP-10159', '(11) 98765-4479', 'gertrudes.maia@email.com'),
('Homero Castelo', 'CRECI-SP-10160', '(11) 98765-4480', 'homero.castelo@email.com'),
('Idalina Quintana', 'CRECI-SP-10161', '(11) 98765-4481', 'idalina.quintana@email.com'),
('Juvenal Alencar', 'CRECI-SP-10162', '(11) 98765-4482', 'juvenal.alencar@email.com'),
('Kiara Vasques', 'CRECI-SP-10163', '(11) 98765-4483', 'kiara.vasques@email.com'),
('Laureano Moita', 'CRECI-SP-10164', '(11) 98765-4484', 'laureano.moita@email.com'),
('Modesto Cordeiro', 'CRECI-SP-10165', '(11) 98765-4485', 'modesto.cordeiro@email.com'),
('Nivaldo Dornas', 'CRECI-SP-10166', '(11) 98765-4486', 'nivaldo.dornas@email.com'),
('Orozimbo Abreu', 'CRECI-SP-10167', '(11) 98765-4487', 'orozimbo.abreu@email.com'),
('Plínio Mendonça', 'CRECI-SP-10168', '(11) 98765-4488', 'plinio.mendonca@email.com'),
('Quintino Farias', 'CRECI-SP-10169', '(11) 98765-4489', 'quintino.farias@email.com'),
('Raimunda Sales', 'CRECI-SP-10170', '(11) 98765-4490', 'raimunda.sales@email.com'),
('Salomão Justo', 'CRECI-SP-10171', '(11) 98765-4491', 'salomao.justo@email.com'),
('Tito Albuquerque', 'CRECI-SP-10172', '(11) 98765-4492', 'tito.albuquerque@email.com'),
('Urbano Veloso', 'CRECI-SP-10173', '(11) 98765-4493', 'urbano.veloso@email.com'),
('Valério Guedes', 'CRECI-SP-10174', '(11) 98765-4494', 'valerio.guedes@email.com'),
('Wellington Lira', 'CRECI-SP-10175', '(11) 98765-4495', 'wellington.lira@email.com'),
('Yone Cardone', 'CRECI-SP-10176', '(11) 98765-4496', 'yone.cardone@email.com'),
('Zaqueu Lemos', 'CRECI-SP-10177', '(11) 98765-4497', 'zaqueu.lemos@email.com'),
('Amadeu Veríssimo', 'CRECI-SP-10178', '(11) 98765-4498', 'amadeu.verissimo@email.com'),
('Benício Sales', 'CRECI-SP-10179', '(11) 98765-4499', 'benicio.sales@email.com'),
('Constança Souto', 'CRECI-SP-10180', '(11) 98765-4500', 'constanca.souto@email.com'),
('Dorival Caymmi', 'CRECI-SP-10181', '(11) 98765-4501', 'dorival.caymmi@email.com'),
('Eusébio Portela', 'CRECI-SP-10182', '(11) 98765-4502', 'eusebio.portela@email.com'),
('Firmino Bragança', 'CRECI-SP-10183', '(11) 98765-4503', 'firmino.bragança@email.com'),
('Genival Lacerda', 'CRECI-SP-10184', '(11) 98765-4504', 'genival.lacerda@email.com'),
('Hermes Trimegisto', 'CRECI-SP-10185', '(11) 98765-4505', 'hermes.trimegisto@email.com'),
('Isolda Trindade', 'CRECI-SP-10186', '(11) 98765-4506', 'isolda.trindade@email.com'),
('Jandira Feghali', 'CRECI-SP-10187', '(11) 98765-4507', 'jandira.feghali@email.com'),
('Katiane Mel', 'CRECI-SP-10188', '(11) 98765-4508', 'katiane.mel@email.com'),
('Laurete Aguiar', 'CRECI-SP-10189', '(11) 98765-4509', 'laurete.aguiar@email.com'),
('Moacir Santos', 'CRECI-SP-10190', '(11) 98765-4510', 'moacir.santos@email.com'),
('Nair Bello', 'CRECI-SP-10191', '(11) 98765-4511', 'nair.bello@email.com'),
('Otacília Costa', 'CRECI-SP-10192', '(11) 98765-4512', 'otacilia.costa@email.com'),
('Pascoal Ranieri', 'CRECI-SP-10193', '(11) 98765-4513', 'pascoal.ranieri@email.com'),
('Quitéria Jesus', 'CRECI-SP-10194', '(11) 98765-4514', 'quiteria.jesus@email.com'),
('Radamés Gnattali', 'CRECI-SP-10195', '(11) 98765-4515', 'radames.gnatali@email.com'),
('Sinfrônio Moura', 'CRECI-SP-10196', '(11) 98765-4516', 'sinfonio.moura@email.com'),
('Tarcísio Meira', 'CRECI-SP-10197', '(11) 98765-4517', 'tarcisio.meira@email.com'),
('Ubaldina Flores', 'CRECI-SP-10198', '(11) 98765-4518', 'ubaldina.flores@email.com'),
('Valeriano Neto', 'CRECI-SP-10199', '(11) 98765-4519', 'valeriano.neto@email.com'),
('Zulmira Castro', 'CRECI-SP-10200', '(11) 98765-4520', 'zulmira.castro@email.com')


-- TIPOIMOVEL
INSERT INTO TipoImovel (descricao) VALUES
('Casa'),
('Casa Térrea'),
('Casa Assobradada'),
('Casa Geminada'),
('Casa de Condomínio'),
('Casa de Vila'),
('Casa de Praia'),
('Casa de Campo'),
('Casa de Chácara'),
('Casa de Esquina'),
('Casa Mista'),
('Casa de Alvenaria'),
('Casa de Madeira'),
('Casa Pré-Fabricada'),
('Casa Colonial'),
('Casa Moderna'),
('Casa Linear'),
('Casa Duplex'),
('Casa Triplex'),
('Casa Compacta'),
('Casa Alto Padrão'),
('Casa Semi-Geminada'),
('Casa com Piscina'),
('Casa em Loteamento Fechado'),
('Casa em Bairro Aberto'),
('Sobrado'),
('Sobrado Geminado'),
('Sobrado em Condomínio'),
('Sobrado de Esquina'),
('Sobrado Duplex'),
('Sobrado Triplex'),
('Sobrado com Piscina'),
('Sobrado Alto Padrão'),
('Sobrado de Praia'),
('Sobrado Comercial / Residencial'),
('Edícula'),
('Bangalô'),
('Chalé'),
('Mansão'),
('Palacete'),
('Solar'),
('Chácara Residencial'),
('Casa Container'),
('Loft Residencial'),
('Studio Residencial'),
('Apartamento'),
('Apartamento Padrão'),
('Apartamento Compacto'),
('Apartamento Garden'),
('Apartamento Duplex'),
('Apartamento Triplex'),
('Apartamento de Frente'),
('Apartamento de Fundos'),
('Apartamento com Terraço'),
('Apartamento Alto Padrão'),
('Apartamento Um Por Andar'),
('Apartamento em Condomínio Clube'),
('Apartamento de Praia'),
('Apartamento Térreo'),
('Apartamento Sem Condomínio'),
('Cobertura'),
('Cobertura Linear'),
('Cobertura Duplex'),
('Cobertura Triplex'),
('Cobertura Garden'),
('Cobertura com Piscina'),
('Cobertura Alto Padrão'),
('Cobertura de Praia'),
('Penthouse'),
('Duplex'),
('Triplex'),
('Giardino'),
('Apartamento Loft'),
('Apartamento Studio'),
('Apartamento com Suíte'),
('Studio'),
('Studio Mobiliado'),
('Studio Duplex'),
('Studio com Varanda'),
('Loft'),
('Loft Duplex'),
('Loft Industrial'),
('Loft em Condomínio'),
('Kitnet'),
('Kitnet Reformada'),
('Kitnet / Stúdio'),
('Conjugado'),
('Flat'),
('Apart-Hotel'),
('Quarto / Suíte'),
('Coliving'),
('Pousada'),
('Hotel'),
('Motel'),
('Hostel / Albergue'),
('Sala Comercial'),
('Sala em Condomínio'),
('Conjunto Comercial'),
('Laje Corporativa'),
('Andar Corporativo'),
('Escritório'),
('Consultório'),
('Consultório Odontológico'),
('Consultório Médico'),
('Clínica'),
('Clínica Médica'),
('Clínica Odontológica'),
('Clínica Veterinária'),
('Clínica de Estética'),
('Coworking'),
('Sala de Reunião'),
('Espaço Comercial'),
('Centro Empresarial'),
('Sala Comercial Mobiliada'),
('Conjunto Corporativo'),
('Sala em Shopping'),
('Sala em Galeria'),
('Mezanino Comercial'),
('Loja / Sala'),
('Subsolo Comercial'),
('Loja'),
('Loja de Rua'),
('Loja em Galeria'),
('Loja em Shopping'),
('Loja em Condomínio'),
('Loja com Mezanino'),
('Loja de Esquina'),
('Loja Comercial'),
('Ponto Comercial'),
('Passagem de Ponto'),
('Quiosque'),
('Box Comercial'),
('Box de Mercado'),
('Banca Comercial'),
('Prédio Comercial'),
('Prédio Corporativo'),
('Edifício Comercial'),
('Centro Comercial'),
('Strip Center'),
('Mini Shopping'),
('Galeria Comercial'),
('Shopping Center'),
('Prédio Residencial (Venda Integral)'),
('Prédio Misto'),
('Imóvel Misto'),
('Casa Comercial'),
('Sobrado Comercial'),
('Edícula Comercial'),
('Mansão Comercial'),
('Palacete Comercial'),
('Casa de Vila Comercial'),
('Restaurante'),
('Bar / Boteco'),
('Lanchonete'),
('Padaria / Confeitaria'),
('Cafeteria'),
('Buffet / Salão de Festas'),
('Espaço para Eventos'),
('Boate / Casa Noturna'),
('Academia'),
('Estacionamento'),
('Garagem Comercial'),
('Lava Rápido'),
('Posto de Combustível'),
('Oficina Mecânica'),
('Galpão'),
('Galpão Comercial'),
('Galpão Industrial'),
('Galpão Logístico'),
('Galpão em Condomínio'),
('Galpão Frigorífico'),
('Barracão'),
('Barracão Comercial'),
('Barracão Industrial'),
('Armazém'),
('Depósito'),
('Self-Storage'),
('Dark Store'),
('Dark Kitchen'),
('Área Industrial'),
('Terreno'),
('Terreno Residencial'),
('Terreno Comercial'),
('Terreno Industrial'),
('Terreno Misto'),
('Terreno em Condomínio'),
('Terreno de Esquina'),
('Terreno Plano'),
('Terreno Aclive'),
('Terreno Declive'),
('Lote'),
('Lote Residencial'),
('Lote Comercial'),
('Lote Industrial'),
('Lote em Condomínio'),
('Gleba'),
('Área para Incorporação'),
('Sítio'),
('Chácara'),
('Fazenda');


-- DOCUMENTO
INSERT INTO Documento (nome_documento, tipo) VALUES
('Matrícula Atualizada do Imóvel', 'Imóvel - Registro'),
('Matrícula com Ônus e Ações', 'Imóvel - Registro'),
('Matrícula Vintenária', 'Imóvel - Registro'),
('Escritura Pública de Compra e Venda', 'Imóvel - Registro'),
('Escritura de Doação', 'Imóvel - Registro'),
('Escritura de Permuta', 'Imóvel - Registro'),
('Escritura de Cessão de Direitos', 'Imóvel - Registro'),
('Escritura de Usufruito', 'Imóvel - Registro'),
('Compromisso de Compra e Venda (RGI)', 'Imóvel - Registro'),
('Contrato de Promessa de Compra e Venda', 'Imóvel - Registro'),
('Certidão de Propriedade', 'Imóvel - Registro'),
('Certidão de Inteiro Teor da Matrícula', 'Imóvel - Registro'),
('Certidão de Transcrição', 'Imóvel - Registro'),
('Certidão de Filiação Vintenária', 'Imóvel - Registro'),
('Registro de Imóveis (RGI)', 'Imóvel - Registro'),
('Título de Propriedade', 'Imóvel - Registro'),
('Contrato de Financiamento Registrado', 'Imóvel - Registro'),
('Formal de Partilha Registrado', 'Imóvel - Registro'),
('Carta de Adjudicação Registrada', 'Imóvel - Registro'),
('Carta de Arrematação Registrada', 'Imóvel - Registro'),
('IPTU - Espelho do Ano Corrente', 'Imóvel - Tributário'),
('IPTU - Carnê Completo', 'Imóvel - Tributário'),
('Certidão Negativa de Débitos de IPTU', 'Imóvel - Tributário'),
('Certidão de Dados Cadastrais do Imóvel', 'Imóvel - Tributário'),
('Certidão de Valor Venal do Imóvel', 'Imóvel - Tributário'),
('Certidão de Valor Venal de Referência', 'Imóvel - Tributário'),
('Guia de Recolhimento de ITBI', 'Imóvel - Tributário'),
('Comprovante de Pagamento de ITBI', 'Imóvel - Tributário'),
('Certidão de Não Incidência de ITBI', 'Imóvel - Tributário'),
('Guia de ITCMD', 'Imóvel - Tributário'),
('Comprovante de Pagamento de ITCMD', 'Imóvel - Tributário'),
('Certidão Negativa de Tributos Municipais', 'Imóvel - Tributário'),
('Taxa de Lixo (TCRS) - Comprovante', 'Imóvel - Tributário'),
('Certidão de Inscrição Municipal', 'Imóvel - Tributário'),
('Certidão de Numeração Predial', 'Imóvel - Tributário'),
('Certidão de Desapropriação', 'Imóvel - Tributário'),
('Certidão de Demolição', 'Imóvel - Tributário'),
('Certidão de Cadastro Imobiliário', 'Imóvel - Tributário'),
('Declaração de Quitação de Taxas Municipais', 'Imóvel - Tributário'),
('Certidão de Limites e Confrontações', 'Imóvel - Tributário'),
('Habite-se (Certificado de Conclusão de Obra)', 'Imóvel - Engenharia'),
('Alvará de Construção', 'Imóvel - Engenharia'),
('Alvará de Reforma', 'Imóvel - Engenharia'),
('Alvará de Demolição', 'Imóvel - Engenharia'),
('Alvará de Funcionamento', 'Imóvel - Engenharia'),
('Planta Baixa Aprovada pela Prefeitura', 'Imóvel - Engenharia'),
('Planta Hidráulica', 'Imóvel - Engenharia'),
('Planta Elétrica', 'Imóvel - Engenharia'),
('Planta Estrutural', 'Imóvel - Engenharia'),
('Memorial Descritivo de Obra', 'Imóvel - Engenharia'),
('Memorial de Incorporação (RI)', 'Imóvel - Engenharia'),
('ART (Anotação de Responsabilidade Técnica)', 'Imóvel - Engenharia'),
('RRT (Registro de Responsabilidade Técnica)', 'Imóvel - Engenharia'),
('CND do INSS da Obra', 'Imóvel - Engenharia'),
('Certidão de Uso e Ocupação do Solo', 'Imóvel - Engenharia'),
('Certidão de Zoneamento', 'Imóvel - Engenharia'),
('Estudo de Viabilidade Técnica e Econômica (EVTE)', 'Imóvel - Engenharia'),
('Laudo de Vistoria do Imóvel', 'Imóvel - Engenharia'),
('Laudo de Avaliação do Imóvel (PTAM)', 'Imóvel - Engenharia'),
('Laudo Cautelar de Vistoria de Vizinhança', 'Imóvel - Engenharia'),
('Certificado de Acessibilidade', 'Imóvel - Engenharia'),
('AVCB (Auto de Vistoria do Corpo de Bombeiros)', 'Imóvel - Engenharia'),
('CLCB (Certificado de Licença do Bombeiro)', 'Imóvel - Engenharia'),
('Parecer Técnico de Avaliação Mercadológica', 'Imóvel - Engenharia'),
('Relatório de Vistoria de Entrada / Saída', 'Imóvel - Engenharia'),
('Declaração de Quitação Condominial', 'Imóvel - Condomínio'),
('Convenção de Condomínio', 'Imóvel - Condomínio'),
('Regimento Interno do Condomínio', 'Imóvel - Condomínio'),
('Ata de Eleição do Síndico Atual', 'Imóvel - Condomínio'),
('Ata da Última Assembleia Ordinária (AGO)', 'Imóvel - Condomínio'),
('Ata de Assembleia Extraordinária (AGE)', 'Imóvel - Condomínio'),
('Previsão Orçamentária do Condomínio', 'Imóvel - Condomínio'),
('Relatório de Prestação de Contas do Condomínio', 'Imóvel - Condomínio'),
('Apólice de Seguro do Condomínio', 'Imóvel - Condomínio'),
('CNPJ do Condomínio', 'Imóvel - Condomínio'),
('Boleto de Condomínio do Mês Corrente', 'Imóvel - Condomínio'),
('Comprovante de Pagamento de Condomínio', 'Imóvel - Condomínio'),
('Declaração de Inexistência de Obras no Condomínio', 'Imóvel - Condomínio'),
('Declaração de Fundo de Reserva', 'Imóvel - Condomínio'),
('Declaração de Chamada de Capital', 'Imóvel - Condomínio'),
('Planta de Garagem / Demarcação de Vagas', 'Imóvel - Condomínio'),
('Regulamento de Mudanças do Condomínio', 'Imóvel - Condomínio'),
('Regulamento de Obras do Condomínio', 'Imóvel - Condomínio'),
('Cadastro de Morador / Condômino', 'Imóvel - Condomínio'),
('Autorização de Entrada para Vistoria / Reforma', 'Imóvel - Condomínio'),
('RG (Registro Geral) - Comprador / Locatário', 'Pessoal - Identificação'),
('CPF - Comprador / Locatário', 'Pessoal - Identificação'),
('CNH (Carteira Nacional de Habilitação)', 'Pessoal - Identificação'),
('RNE / RNM (Para Estrangeiros)', 'Pessoal - Identificação'),
('Passaporte', 'Pessoal - Identificação'),
('Certidão de Nascimento (Atualizada)', 'Pessoal - Identificação'),
('Certidão de Casamento (Atualizada)', 'Pessoal - Identificação'),
('Certidão de Casamento com Averbação de Divórcio', 'Pessoal - Identificação'),
('Certidão de Casamento com Averbação de Viúvez', 'Pessoal - Identificação'),
('Certidão de Óbito do Cônjuge', 'Pessoal - Identificação'),
('Escritura de Pacto Antenupcial', 'Pessoal - Identificação'),
('Registro do Pacto Antenupcial no RGI', 'Pessoal - Identificação'),
('Declaração de União Estável', 'Pessoal - Identificação'),
('Escritura de Dissolução de União Estável', 'Pessoal - Identificação'),
('RG do Cônjuge / Companheiro(a)', 'Pessoal - Identificação'),
('CPF do Cônjuge / Companheiro(a)', 'Pessoal - Identificação'),
('RG dos Proprietários / Vendedores', 'Pessoal - Identificação'),
('CPF dos Proprietários / Vendedores', 'Pessoal - Identificação'),
('RG do Fiador / Avalista', 'Pessoal - Identificação'),
('CPF do Fiador / Avalista', 'Pessoal - Identificação'),
('Certidão de Casamento do Fiador', 'Pessoal - Identificação'),
('RG do Cônjuge do Fiador', 'Pessoal - Identificação'),
('CPF do Cônjuge do Fiador', 'Pessoal - Identificação'),
('Comprovante de Endereço - Atual (até 3 meses)', 'Pessoal - Identificação'),
('Comprovante de Endereço Anterior', 'Pessoal - Identificação'),
('Certidão Negativa de Feitos Cíveis (Estadual)', 'Certidão Negativa'),
('Certidão Negativa de Feitos Criminais (Estadual)', 'Certidão Negativa'),
('Certidão Negativa da Justiça Federal', 'Certidão Negativa'),
('Certidão Negativa da Justiça do Trabalho', 'Certidão Negativa'),
('CNDT (Certidão Negativa de Débitos Trabalhistas)', 'Certidão Negativa'),
('Certidão Negativa de Tributos Federais e D.A.U.', 'Certidão Negativa'),
('Certidão Negativa de Tributos Estaduais', 'Certidão Negativa'),
('Certidão Negativa de Tributos Municipais (Pessoa)', 'Certidão Negativa'),
('Certidão de Distribuição de Execuções Fiscais', 'Certidão Negativa'),
('Certidão dos Cartórios de Protesto', 'Certidão Negativa'),
('Certidão de Protesto (Últimos 5 anos)', 'Certidão Negativa'),
('Certidão de Interdição, Tutela e Curatela', 'Certidão Negativa'),
('Certidão Negativa de Falência e Recuperação', 'Certidão Negativa'),
('Consulta de CPF/CNPJ - Serasa', 'Certidão Negativa'),
('Consulta de CPF/CNPJ - SPC Brasil', 'Certidão Negativa'),
('Consulta SCR (Sistema de Crédito - Bacen)', 'Certidão Negativa'),
('Certidão Negativa de Débitos Previdenciários (INSS)', 'Certidão Negativa'),
('Certidão Negativa de Ações Reais e Pessoais', 'Certidão Negativa'),
('Certidão Negativa de Ônus Reais', 'Certidão Negativa'),
('Certidão de Objeto e Pé de Processo Cível', 'Certidão Negativa'),
('Certidão de Objeto e Pé de Processo Trabalhista', 'Certidão Negativa'),
('Certidão de Regularidade Fiscal', 'Certidão Negativa'),
('Certidão do Distribuidor Criminal Militar', 'Certidão Negativa'),
('Certidão de Antecedentes Criminais (PF)', 'Certidão Negativa'),
('Certidão de Quitação Eleitoral', 'Certidão Negativa'),
('Certidão de Regularidade de CPF (Receita Federal)', 'Certidão Negativa'),
('Certidão de Ações de Família e Sucessões', 'Certidão Negativa'),
('Certidão Negativa de Ações de Evicção', 'Certidão Negativa'),
('Certidão de Créditos Tributários Federais', 'Certidão Negativa'),
('Declaração de Inexistência de Fato Impeditivo', 'Certidão Negativa'),
('Holerite / Contracheque (Mês 1)', 'Financeiro - Renda'),
('Holerite / Contracheque (Mês 2)', 'Financeiro - Renda'),
('Holerite / Contracheque (Mês 3)', 'Financeiro - Renda'),
('Declaração de Imposto de Renda (IRPF) Completa', 'Financeiro - Renda'),
('Recibo de Entrega do IRPF', 'Financeiro - Renda'),
('Extrato Bancário - Últimos 3 Meses', 'Financeiro - Renda'),
('Extrato Bancário - Últimos 6 Meses', 'Financeiro - Renda'),
('DECORE (Rendimentos Autônomo/Sócio)', 'Financeiro - Renda'),
('Carteira de Trabalho (CTPS - Digital ou Física)', 'Financeiro - Renda'),
('Extrato de Conta do FGTS', 'Financeiro - Renda'),
('Carta de Concessão de Benefício do INSS', 'Financeiro - Renda'),
('Extrato de Pagamento de Benefício (INSS)', 'Financeiro - Renda'),
('Contrato de Prestação de Serviços (Autônomos)', 'Financeiro - Renda'),
('Recibo de Pagamento de Autônomo (RPA)', 'Financeiro - Renda'),
('Comprovante de Rendimentos de Aluguéis', 'Financeiro - Renda'),
('Contrato de Locação (Como Comprovante de Renda)', 'Financeiro - Renda'),
('Extrato de Aplicações Financeiras / Investimentos', 'Financeiro - Renda'),
('Comprovante de Distribuição de Lucros / Dividendos', 'Financeiro - Renda'),
('Pró-labore (Últimos 3 meses)', 'Financeiro - Renda'),
('Declaração de Faturamento Assinada pelo Contador', 'Financeiro - Renda'),
('Comprovante de Renda do Cônjuge', 'Financeiro - Renda'),
('Comprovante de Renda do Fiador / Garantidor', 'Financeiro - Renda'),
('Extrato de Previdência Privada', 'Financeiro - Renda'),
('Carta de Aprovação de Crédito Bancário', 'Financeiro - Renda'),
('Simulação de Financiamento Imobiliário', 'Financeiro - Renda'),
('Cartão CNPJ Atualizado', 'Pessoa Jurídica'),
('Contrato Social (Consolidado)', 'Pessoa Jurídica'),
('Última Alteração Contratual', 'Pessoa Jurídica'),
('Estatuto Social (Para S/A ou Associações)', 'Pessoa Jurídica'),
('Ata de Eleição da Diretoria Atual', 'Pessoa Jurídica'),
('Certidão Simplificada da Junta Comercial (JUCE)', 'Pessoa Jurídica'),
('Certidão Específica da Junta Comercial', 'Pessoa Jurídica'),
('Certificado de Regularidade do FGTS (CRF)', 'Pessoa Jurídica'),
('Balanço Patrimonial do Último Exercício', 'Pessoa Jurídica'),
('DRE (Demonstração do Resultado do Exercício)', 'Pessoa Jurídica'),
('Declaração de Faturamento Mensal (Últimos 12m)', 'Pessoa Jurídica'),
('IRPJ (Imposto de Renda da Pessoa Jurídica)', 'Pessoa Jurídica'),
('Procuração Social / Outorga de Poderes', 'Pessoa Jurídica'),
('RG/CPF dos Sócios Administradores', 'Pessoa Jurídica'),
('Certidão Negativa de Falência e Concordata (PJ)', 'Pessoa Jurídica'),
('Contrato de Prestação de Serviços de Corretagem', 'Contratos e Termos'),
('Termo de Exclusividade de Venda / Locação', 'Contratos e Termos'),
('Ficha de Cadastro de Imóvel', 'Contratos e Termos'),
('Proposta de Compra de Imóvel', 'Contratos e Termos'),
('Proposta de Locação de Imóvel', 'Contratos e Termos'),
('Contrato de Locação Residencial', 'Contratos e Termos'),
('Contrato de Locação Comercial', 'Contratos e Termos'),
('Contrato de Compra e Venda (CCV)', 'Contratos e Termos'),
('Contrato de Cessão de Direitos Possessórios', 'Contratos e Termos'),
('Contrato de Administração de Imóvel', 'Contratos e Termos'),
('Termo de Entrega de Chaves', 'Contratos e Termos'),
('Termo de Vistoria de Imóvel', 'Contratos e Termos'),
('Termo de Distrato de Locação', 'Contratos e Termos'),
('Termo de Quitação Geral de Contrato', 'Contratos e Termos'),
('Apólice de Seguro Fiança Locatícia', 'Contratos e Termos'),
('Título de Capitalização (Garantia Locatícia)', 'Contratos e Termos'),
('Carta Fiança Bancária', 'Contratos e Termos'),
('Aditivo Contratual de Reajuste / Prorrogação', 'Contratos e Termos'),
('Procuração Pública para Venda de Imóvel', 'Contratos e Termos'),
('Autorização para Retirada de Documentos / Chaves', 'Contratos e Termos');

-- IMOVEL
INSERT INTO Imovel (id_proprietario, id_tipo_imovel, id_endereco, valor_sugerido, status) VALUES
(1, 1, 1, 350000.00, 'Disponível'),
(2, 2, 2, 420000.00, 'Disponível'),
(3, 3, 3, 150000.00, 'Vendido'),
(4, 4, 4, 850000.00, 'Disponível'),
(5, 5, 5, 540000.00, 'Alugado'),
(6, 6, 6, 2500000.00, 'Disponível'),
(7, 7, 7, 320000.00, 'Em Negociação'),
(8, 8, 8, 480000.00, 'Disponível'),
(9, 9, 9, 650000.00, 'Disponível'),
(10, 10, 10, 120000.00, 'Alugado'),
(11, 11, 11, 1200000.00, 'Vendido'),
(12, 12, 12, 3500000.00, 'Disponível'),
(13, 13, 13, 980000.00, 'Disponível'),
(14, 14, 14, 750000.00, 'Em Negociação'),
(15, 15, 15, 250000.00, 'Disponível'),
(16, 16, 16, 600000.00, 'Disponível'),
(17, 17, 17, 850000.00, 'Vendido'),
(18, 18, 18, 1800000.00, 'Disponível'),
(19, 19, 19, 4500000.00, 'Alugado'),
(20, 20, 20, 1500000.00, 'Disponível'),
(21, 21, 21, 950000.00, 'Disponível'),
(22, 22, 22, 280000.00, 'Em Negociação'),
(23, 23, 23, 1250000.00, 'Disponível'),
(24, 24, 24, 3400000.00, 'Vendido'),
(25, 25, 25, 4100000.00, 'Disponível'),
(26, 26, 26, 880000.00, 'Disponível'),
(27, 27, 27, 600000.00, 'Alugado'),
(28, 28, 28, 450000.00, 'Disponível'),
(29, 29, 29, 780000.00, 'Disponível'),
(30, 30, 30, 2200000.00, 'Vendido'),
(31, 31, 31, 350000.00, 'Disponível'),
(32, 32, 32, 580000.00, 'Em Negociação'),
(33, 33, 33, 1450000.00, 'Disponível'),
(34, 34, 34, 280000.00, 'Alugado'),
(35, 35, 35, 620000.00, 'Disponível'),
(36, 36, 36, 850000.00, 'Disponível'),
(37, 37, 37, 950000.00, 'Vendido'),
(38, 38, 38, 1100000.00, 'Disponível'),
(39, 39, 39, 1350000.00, 'Disponível'),
(40, 40, 40, 420000.00, 'Em Negociação'),
(41, 41, 41, 85000.00, 'Alugado'),
(42, 42, 42, 95000.00, 'Disponível'),
(43, 43, 43, 2200000.00, 'Disponível'),
(44, 44, 44, 150000.00, 'Vendido'),
(45, 45, 45, 8000000.00, 'Disponível'),
(46, 46, 46, 4500000.00, 'Disponível'),
(47, 47, 47, 12000000.00, 'Alugado'),
(48, 48, 48, 3800000.00, 'Disponível'),
(49, 49, 49, 1950000.00, 'Em Negociação'),
(50, 50, 50, 2400000.00, 'Disponível'),
(51, 51, 51, 850000.00, 'Disponível'),
(52, 52, 52, 420000.00, 'Vendido'),
(53, 53, 53, 350000.00, 'Disponível'),
(54, 54, 54, 1800000.00, 'Alugado'),
(55, 55, 55, 750000.00, 'Disponível'),
(56, 56, 56, 680000.00, 'Disponível'),
(57, 57, 57, 450000.00, 'Em Negociação'),
(58, 58, 58, 12500000.00, 'Disponível'),
(59, 59, 59, 3400000.00, 'Vendido'),
(60, 60, 60, 2900000.00, 'Disponível'),
(61, 61, 61, 150000.00, 'Disponível'),
(62, 62, 62, 280000.00, 'Alugado'),
(63, 63, 63, 950000.00, 'Disponível'),
(64, 64, 64, 4800000.00, 'Disponível'),
(65, 65, 65, 3200000.00, 'Vendido'),
(66, 66, 66, 450000.00, 'Em Negociação'),
(67, 67, 67, 780000.00, 'Disponível'),
(68, 68, 68, 1100000.00, 'Disponível'),
(69, 69, 69, 650000.00, 'Alugado'),
(70, 70, 70, 540000.00, 'Disponível'),
(71, 71, 71, 850000.00, 'Disponível'),
(72, 72, 72, 3500000.00, 'Vendido'),
(73, 73, 73, 1450000.00, 'Disponível'),
(74, 74, 74, 600000.00, 'Disponível'),
(75, 75, 75, 2200000.00, 'Em Negociação'),
(76, 76, 76, 1250000.00, 'Disponível'),
(77, 77, 77, 45000.00, 'Alugado'),
(78, 78, 78, 65000.00, 'Disponível'),
(79, 79, 79, 2800000.00, 'Disponível'),
(80, 80, 80, 1800000.00, 'Vendido'),
(81, 81, 81, 350000.00, 'Disponível'),
(82, 82, 82, 420000.00, 'Disponível'),
(83, 83, 83, 150000.00, 'Alugado'),
(84, 84, 84, 850000.00, 'Disponível'),
(85, 85, 85, 540000.00, 'Em Negociação'),
(86, 86, 86, 2500000.00, 'Disponível'),
(87, 87, 87, 320000.00, 'Vendido'),
(88, 88, 88, 480000.00, 'Disponível'),
(89, 89, 89, 650000.00, 'Disponível'),
(90, 90, 90, 120000.00, 'Alugado'),
(91, 91, 91, 1200000.00, 'Disponível'),
(92, 92, 92, 3500000.00, 'Disponível'),
(93, 93, 93, 980000.00, 'Vendido'),
(94, 94, 94, 750000.00, 'Disponível'),
(95, 95, 95, 250000.00, 'Em Negociação'),
(96, 96, 96, 600000.00, 'Disponível'),
(97, 97, 97, 850000.00, 'Alugado'),
(98, 98, 98, 1800000.00, 'Disponível'),
(99, 99, 99, 4500000.00, 'Disponível'),
(100, 100, 100, 1500000.00, 'Vendido'),
(101, 101, 101, 350000.00, 'Disponível'),
(102, 102, 102, 420000.00, 'Disponível'),
(103, 103, 103, 150000.00, 'Alugado'),
(104, 104, 104, 850000.00, 'Disponível'),
(105, 105, 105, 540000.00, 'Em Negociação'),
(106, 106, 106, 2500000.00, 'Disponível'),
(107, 107, 107, 320000.00, 'Vendido'),
(108, 108, 108, 480000.00, 'Disponível'),
(109, 109, 109, 650000.00, 'Disponível'),
(110, 110, 110, 120000.00, 'Alugado'),
(111, 111, 111, 1200000.00, 'Disponível'),
(112, 112, 112, 3500000.00, 'Disponível'),
(113, 113, 113, 980000.00, 'Vendido'),
(114, 114, 114, 750000.00, 'Disponível'),
(115, 115, 115, 250000.00, 'Em Negociação'),
(116, 116, 116, 600000.00, 'Disponível'),
(117, 117, 117, 850000.00, 'Alugado'),
(118, 118, 118, 1800000.00, 'Disponível'),
(119, 119, 119, 4500000.00, 'Disponível'),
(120, 120, 120, 1500000.00, 'Vendido'),
(121, 121, 121, 950000.00, 'Disponível'),
(122, 122, 122, 280000.00, 'Disponível'),
(123, 123, 123, 1250000.00, 'Alugado'),
(124, 124, 124, 3400000.00, 'Disponível'),
(125, 125, 125, 4100000.00, 'Em Negociação'),
(126, 126, 126, 880000.00, 'Disponível'),
(127, 127, 127, 600000.00, 'Vendido'),
(128, 128, 128, 450000.00, 'Disponível'),
(129, 129, 129, 780000.00, 'Disponível'),
(130, 130, 130, 2200000.00, 'Alugado'),
(131, 131, 131, 350000.00, 'Disponível'),
(132, 132, 132, 580000.00, 'Disponível'),
(133, 133, 133, 1450000.00, 'Vendido'),
(134, 134, 134, 280000.00, 'Disponível'),
(135, 135, 135, 620000.00, 'Em Negociação'),
(136, 136, 136, 850000.00, 'Disponível'),
(137, 137, 137, 950000.00, 'Alugado'),
(138, 138, 138, 1100000.00, 'Disponível'),
(139, 139, 139, 1350000.00, 'Disponível'),
(140, 140, 140, 420000.00, 'Vendido'),
(141, 141, 141, 350000.00, 'Disponível'),
(142, 142, 142, 420000.00, 'Disponível'),
(143, 143, 143, 150000.00, 'Alugado'),
(144, 144, 144, 850000.00, 'Disponível'),
(145, 145, 145, 540000.00, 'Em Negociação'),
(146, 146, 146, 2500000.00, 'Disponível'),
(147, 147, 147, 320000.00, 'Vendido'),
(148, 148, 148, 480000.00, 'Disponível'),
(149, 149, 149, 650000.00, 'Disponível'),
(150, 150, 150, 120000.00, 'Alugado'),
(151, 151, 151, 1200000.00, 'Disponível'),
(152, 152, 152, 3500000.00, 'Disponível'),
(153, 153, 153, 980000.00, 'Vendido'),
(154, 154, 154, 750000.00, 'Disponível'),
(155, 155, 155, 250000.00, 'Em Negociação'),
(156, 156, 156, 600000.00, 'Disponível'),
(157, 157, 157, 850000.00, 'Alugado'),
(158, 158, 158, 1800000.00, 'Disponível'),
(159, 159, 159, 4500000.00, 'Disponível'),
(160, 160, 160, 1500000.00, 'Vendido'),
(161, 161, 161, 350000.00, 'Disponível'),
(162, 162, 162, 420000.00, 'Disponível'),
(163, 163, 163, 150000.00, 'Alugado'),
(164, 164, 164, 850000.00, 'Disponível'),
(165, 165, 165, 540000.00, 'Em Negociação'),
(166, 166, 166, 2500000.00, 'Disponível'),
(167, 167, 167, 320000.00, 'Vendido'),
(168, 168, 168, 480000.00, 'Disponível'),
(169, 169, 169, 650000.00, 'Disponível'),
(170, 170, 170, 120000.00, 'Alugado'),
(171, 171, 171, 1200000.00, 'Disponível'),
(172, 172, 172, 3500000.00, 'Disponível'),
(173, 173, 173, 980000.00, 'Vendido'),
(174, 174, 174, 750000.00, 'Disponível'),
(175, 175, 175, 250000.00, 'Em Negociação'),
(176, 176, 176, 600000.00, 'Disponível'),
(177, 177, 177, 850000.00, 'Alugado'),
(178, 178, 178, 1800000.00, 'Disponível'),
(179, 179, 179, 4500000.00, 'Disponível'),
(180, 180, 180, 1500000.00, 'Vendido'),
(181, 181, 181, 350000.00, 'Disponível'),
(182, 182, 182, 420000.00, 'Disponível'),
(183, 183, 183, 150000.00, 'Alugado'),
(184, 184, 184, 850000.00, 'Disponível'),
(185, 185, 185, 540000.00, 'Em Negociação'),
(186, 186, 186, 2500000.00, 'Disponível'),
(187, 187, 187, 320000.00, 'Vendido'),
(188, 188, 188, 480000.00, 'Disponível'),
(189, 189, 189, 650000.00, 'Disponível'),
(190, 190, 190, 120000.00, 'Alugado'),
(191, 191, 191, 1200000.00, 'Disponível'),
(192, 192, 192, 3500000.00, 'Disponível'),
(193, 193, 193, 980000.00, 'Vendido'),
(194, 194, 194, 750000.00, 'Disponível'),
(195, 195, 195, 250000.00, 'Em Negociação'),
(196, 196, 196, 600000.00, 'Disponível'),
(197, 197, 197, 850000.00, 'Alugado'),
(198, 198, 198, 1800000.00, 'Disponível'),
(199, 199, 199, 4500000.00, 'Disponível'),
(200, 200, 200, 1500000.00, 'Vendido');


-- VISITA
INSERT INTO Visita (id_cliente, id_corretor, id_imovel, data_visita, observacoes) VALUES
(1, 1, 1, '2024-01-01 09:00:00', 'Cliente gostou bastante do espaço, vai avaliar a proposta.'),
(2, 2, 2, '2024-01-02 10:00:00', 'Achou o valor um pouco alto, mas adorou a localização.'),
(3, 3, 3, '2024-01-03 14:00:00', 'Visita rápida. O cliente não gostou da divisão dos cômodos.'),
(4, 4, 4, '2024-01-04 15:30:00', 'Muito interessado. Solicitou a documentação para análise.'),
(5, 5, 5, '2024-01-05 09:15:00', 'Cliente quer agendar uma segunda visita com a esposa.'),
(6, 6, 6, '2024-01-06 11:00:00', 'Imóvel atende às necessidades, fará proposta amanhã.'),
(7, 7, 7, '2024-01-07 16:00:00', 'Achou a garagem apertada. Buscar outras opções.'),
(8, 8, 8, '2024-01-08 10:30:00', 'Visita cancelada pelo cliente e remarcada no local.'),
(9, 9, 9, '2024-01-09 13:00:00', 'Gostou da área de lazer, mas precisa de um quarto a mais.'),
(10, 10, 10, '2024-01-10 14:45:00', 'Imóvel em perfeitas condições. Processo de financiamento iniciado.'),
(11, 11, 11, '2024-01-11 09:00:00', 'Cliente investidor, quer desconto para pagamento à vista.'),
(12, 12, 12, '2024-01-12 10:00:00', 'Vai pensar durante o final de semana.'),
(13, 13, 13, '2024-01-13 11:30:00', 'Excelente visita, grande chance de fechamento.'),
(14, 14, 14, '2024-01-14 15:00:00', 'Não atendeu às expectativas de tamanho.'),
(15, 15, 15, '2024-01-15 16:30:00', 'Cliente solicitou planta baixa para arquiteto avaliar.'),
(16, 16, 16, '2024-01-16 09:00:00', 'Proposta enviada logo após a visita.'),
(17, 17, 17, '2024-01-17 10:15:00', 'Aguardando retorno do proprietário sobre negociação de valor.'),
(18, 18, 18, '2024-01-18 14:00:00', 'Gostou, mas está avaliando outro imóvel no mesmo bairro.'),
(19, 19, 19, '2024-01-19 15:45:00', 'Ficou preocupado com o barulho da rua principal.'),
(20, 20, 20, '2024-01-20 11:00:00', 'Visita produtiva. Vai levar a família para ver no sábado.'),
(21, 21, 21, '2024-01-21 09:30:00', 'Amou a varanda gourmet.'),
(22, 22, 22, '2024-01-22 10:00:00', 'O imóvel precisa de muita reforma para o gosto do cliente.'),
(23, 23, 23, '2024-01-23 13:30:00', 'Condomínio muito caro, cliente desistiu.'),
(24, 24, 24, '2024-01-24 14:00:00', 'Vai fazer proposta com permuta de veículo.'),
(25, 25, 25, '2024-01-25 16:00:00', 'Localização excelente para o trabalho do cliente.'),
(26, 26, 26, '2024-01-26 09:00:00', 'Fechamento quase certo, detalhes do contrato pendentes.'),
(27, 27, 27, '2024-01-27 10:45:00', 'Cliente indeciso, continuaremos as buscas.'),
(28, 28, 28, '2024-01-28 11:15:00', 'Gostou da iluminação natural do apartamento.'),
(29, 29, 29, '2024-01-29 15:00:00', 'O síndico não permitiu entrada no horário, remarcado.'),
(30, 30, 30, '2024-01-30 16:30:00', 'Perfeito. Solicitou minuta do contrato de compra.'),
(31, 31, 31, '2024-01-31 09:00:00', 'Cliente visitou com engenheiro de confiança. Tudo ok.'),
(32, 32, 32, '2024-02-01 10:00:00', 'Achou a vista da janela bloqueada por outro prédio.'),
(33, 33, 33, '2024-02-02 14:00:00', 'Muito espaço, perfeito para os cachorros do cliente.'),
(34, 34, 34, '2024-02-03 15:30:00', 'Não gostou do acabamento dos banheiros.'),
(35, 35, 35, '2024-02-04 09:15:00', 'Vai consultar o gerente do banco sobre o limite.'),
(36, 36, 36, '2024-02-05 11:00:00', 'Imóvel atende bem. Pediu reserva por 24h.'),
(37, 37, 37, '2024-02-06 16:00:00', 'A rua pareceu insegura à noite, cliente relatou.'),
(38, 38, 38, '2024-02-07 10:30:00', 'Visita excelente, imóvel impecável.'),
(39, 39, 39, '2024-02-08 13:00:00', 'Gostou das áreas comuns do prédio.'),
(40, 40, 40, '2024-02-09 14:45:00', 'Precisa vender o imóvel atual primeiro.'),
(41, 41, 41, '2024-02-10 09:00:00', 'Solicitou desconto de 5% para fechar hoje.'),
(42, 42, 42, '2024-02-11 10:00:00', 'Vai mandar proposta formal via email.'),
(43, 43, 43, '2024-02-12 11:30:00', 'Cliente adorou a fachada, mas achou o interior escuro.'),
(44, 44, 44, '2024-02-13 15:00:00', 'Distante do metrô, descartado.'),
(45, 45, 45, '2024-02-14 16:30:00', 'Ótima oportunidade, cliente vai agilizar documentação.'),
(46, 46, 46, '2024-02-15 09:00:00', 'Visita adiada pois estava chovendo muito.'),
(47, 47, 47, '2024-02-16 10:15:00', 'Falta suíte. Não vai prosseguir.'),
(48, 48, 48, '2024-02-17 14:00:00', 'Proposta de locação ao invés de compra, enviar proprietário.'),
(49, 49, 49, '2024-02-18 15:45:00', 'Gostou bastante do pé direito alto.'),
(50, 50, 50, '2024-02-19 11:00:00', 'Imóvel com cheiro de mofo, cliente recuou.'),
(51, 51, 51, '2024-02-20 09:30:00', 'Amou a piscina privativa.'),
(52, 52, 52, '2024-02-21 10:00:00', 'O cliente vai trazer os pais para ajudar na decisão.'),
(53, 53, 53, '2024-02-22 13:30:00', 'Gostou do salão de festas.'),
(54, 54, 54, '2024-02-23 14:00:00', 'Muito barulho da avenida vizinha.'),
(55, 55, 55, '2024-02-24 16:00:00', 'Cliente quer imóvel já mobiliado, este não serve.'),
(56, 56, 56, '2024-02-25 09:00:00', 'Encantado com a arquitetura contemporânea.'),
(57, 57, 57, '2024-02-26 10:45:00', 'Vai verificar se os móveis planejados ficam no imóvel.'),
(58, 58, 58, '2024-02-27 11:15:00', 'Condomínio excelente, taxa justa.'),
(59, 59, 59, '2024-02-28 15:00:00', 'Cliente chegou atrasado, visita foi mais curta.'),
(60, 60, 60, '2024-02-29 16:30:00', 'Solicitou lista de IPTUs atrasados para avaliar risco.'),
(61, 61, 61, '2024-03-01 09:00:00', 'Cliente adorou a disposição da cozinha.'),
(62, 62, 62, '2024-03-02 10:00:00', 'Tudo nos conformes. Proposta em andamento.'),
(63, 63, 63, '2024-03-03 14:00:00', 'Faltam vagas para visitantes no prédio.'),
(64, 64, 64, '2024-03-04 15:30:00', 'Muito ensolarado à tarde, cliente não curtiu.'),
(65, 65, 65, '2024-03-05 09:15:00', 'Sol da manhã perfeito. Gostou muito.'),
(66, 66, 66, '2024-03-06 11:00:00', 'Infiltração no teto do banheiro notada durante a visita.'),
(67, 67, 67, '2024-03-07 16:00:00', 'Vai fechar negócio amanhã cedo.'),
(68, 68, 68, '2024-03-08 10:30:00', 'Muito longe das escolas dos filhos.'),
(69, 69, 69, '2024-03-09 13:00:00', 'Excelente para investimento. Vai comprar para alugar.'),
(70, 70, 70, '2024-03-10 14:45:00', 'Visita rápida. Não é o estilo que buscam.'),
(71, 71, 71, '2024-03-11 09:00:00', 'Churrasqueira no terraço foi o ponto alto.'),
(72, 72, 72, '2024-03-12 10:00:00', 'Aguardando simulação da Caixa Econômica.'),
(73, 73, 73, '2024-03-13 11:30:00', 'Gostou do espaço do quintal.'),
(74, 74, 74, '2024-03-14 15:00:00', 'Portaria 24h não pareceu muito eficiente.'),
(75, 75, 75, '2024-03-15 16:30:00', 'Cliente amou a localização.'),
(76, 76, 76, '2024-03-16 09:00:00', 'Pintura descascando, pediu que o proprietário arrume.'),
(77, 77, 77, '2024-03-17 10:15:00', 'Bem ventilado. Achou agradável.'),
(78, 78, 78, '2024-03-18 14:00:00', 'Não comporta os móveis que já possui.'),
(79, 79, 79, '2024-03-19 15:45:00', 'Acabamento de primeira. Cliente impressionado.'),
(80, 80, 80, '2024-03-20 11:00:00', 'Elevador muito pequeno, cliente não gostou.'),
(81, 81, 81, '2024-03-21 09:30:00', 'Vai verificar com corretor possibilidade de permuta.'),
(82, 82, 82, '2024-03-22 10:00:00', 'Muito próximo da rodovia, barulho incômodo.'),
(83, 83, 83, '2024-03-23 13:30:00', 'Gostou das esquadrias acústicas.'),
(84, 84, 84, '2024-03-24 14:00:00', 'Achei o quarto principal apertado.'),
(85, 85, 85, '2024-03-25 16:00:00', 'Bairro tranquilo, ideal para a família.'),
(86, 86, 86, '2024-03-26 09:00:00', 'O cliente vai entrar com proposta hoje ainda.'),
(87, 87, 87, '2024-03-27 10:45:00', 'Sala em L foi um diferencial positivo.'),
(88, 88, 88, '2024-03-28 11:15:00', 'O hall de entrada estava sujo, causou má impressão.'),
(89, 89, 89, '2024-03-29 15:00:00', 'A vista panorâmica agradou muito.'),
(90, 90, 90, '2024-03-30 16:30:00', 'Falta de armários embutidos foi um ponto negativo.'),
(91, 91, 91, '2024-03-31 09:00:00', 'Excelente para abrir escritório de arquitetura.'),
(92, 92, 92, '2024-04-01 10:00:00', 'Aguardando aprovação de crédito.'),
(93, 93, 93, '2024-04-02 14:00:00', 'Amou o piso de madeira original.'),
(94, 94, 94, '2024-04-03 15:30:00', 'Cliente precisa de algo térreo devido a acessibilidade.'),
(95, 95, 95, '2024-04-04 09:15:00', 'O pé de manga no quintal conquistou o cliente.'),
(96, 96, 96, '2024-04-05 11:00:00', 'Vai negociar o valor das chaves.'),
(97, 97, 97, '2024-04-06 16:00:00', 'Ficou com medo de infiltrações no muro externo.'),
(98, 98, 98, '2024-04-07 10:30:00', 'Visita maravilhosa, o proprietário foi muito simpático.'),
(99, 99, 99, '2024-04-08 13:00:00', 'Muito escuro à tarde.'),
(100, 100, 100, '2024-04-09 14:45:00', 'Gostou da integração sala/cozinha.'),
(101, 101, 101, '2024-04-10 09:00:00', 'Vai pensar, tem outros três para ver hoje.'),
(102, 102, 102, '2024-04-11 10:00:00', 'Queria vaga coberta e a deste é descoberta.'),
(103, 103, 103, '2024-04-12 11:30:00', 'Muito interessado na segurança do condomínio.'),
(104, 104, 104, '2024-04-13 15:00:00', 'O valor do IPTU assustou um pouco.'),
(105, 105, 105, '2024-04-14 16:30:00', 'Proposta formalizada na hora pelo WhatsApp.'),
(106, 106, 106, '2024-04-15 09:00:00', 'Ar condicionado já instalado ajudou muito na decisão.'),
(107, 107, 107, '2024-04-16 10:15:00', 'Desistiu por causa de fios elétricos expostos.'),
(108, 108, 108, '2024-04-17 14:00:00', 'A academia do prédio é excelente.'),
(109, 109, 109, '2024-04-18 15:45:00', 'Achou a planta baixa muito confusa.'),
(110, 110, 110, '2024-04-19 11:00:00', 'Adorou o estilo industrial do apartamento.'),
(111, 111, 111, '2024-04-20 09:30:00', 'Tudo novo, impecável.'),
(112, 112, 112, '2024-04-21 10:00:00', 'Gostou, vai conversar com sócio sobre locação comercial.'),
(113, 113, 113, '2024-04-22 13:30:00', 'Bairro com bastante comércio perto, facilitou muito.'),
(114, 114, 114, '2024-04-23 14:00:00', 'Quartos muito quentes.'),
(115, 115, 115, '2024-04-24 16:00:00', 'Cliente aprovou a fachada, mas achou o interior apertado.'),
(116, 116, 116, '2024-04-25 09:00:00', 'Grande potencial para valorização.'),
(117, 117, 117, '2024-04-26 10:45:00', 'Janelas não abrem o suficiente, falta circulação de ar.'),
(118, 118, 118, '2024-04-27 11:15:00', 'O espaço gourmet conquistou o cliente na hora.'),
(119, 119, 119, '2024-04-28 15:00:00', 'O apartamento vizinho estava com som muito alto.'),
(120, 120, 120, '2024-04-29 16:30:00', 'Já agendou assinatura de contrato.'),
(121, 121, 121, '2024-04-30 09:00:00', 'Muito pó na rua devido a obras próximas.'),
(122, 122, 122, '2024-05-01 10:00:00', 'Excelente luz natural pela manhã.'),
(123, 123, 123, '2024-05-02 14:00:00', 'Achou a escada de acesso perigosa para idosos.'),
(124, 124, 124, '2024-05-03 15:30:00', 'Condomínio clube perfeito para as crianças.'),
(125, 125, 125, '2024-05-04 09:15:00', 'Visita rápida. Vai ficar com este mesmo.'),
(126, 126, 126, '2024-05-05 11:00:00', 'Falta espaço na área de serviço.'),
(127, 127, 127, '2024-05-06 16:00:00', 'Gostou do fato de aceitar pets sem restrições.'),
(128, 128, 128, '2024-05-07 10:30:00', 'Está aguardando o FGTS liberar para dar entrada.'),
(129, 129, 129, '2024-05-08 13:00:00', 'Muro baixo, preocupou o cliente com a segurança.'),
(130, 130, 130, '2024-05-09 14:45:00', 'Achei o pé direito baixo.'),
(131, 131, 131, '2024-05-10 09:00:00', 'Ótimo acabamento. Cliente muito satisfeito.'),
(132, 132, 132, '2024-05-11 10:00:00', 'A casa precisa de dedetização.'),
(133, 133, 133, '2024-05-12 11:30:00', 'Gostou do porcelanato na sala.'),
(134, 134, 134, '2024-05-13 15:00:00', 'Não gostou da cor da pintura externa.'),
(135, 135, 135, '2024-05-14 16:30:00', 'Local silencioso, ideal para home office.'),
(136, 136, 136, '2024-05-15 09:00:00', 'Muito vento na varanda do 15º andar.'),
(137, 137, 137, '2024-05-16 10:15:00', 'Proposta fechada com 10% de desconto.'),
(138, 138, 138, '2024-05-17 14:00:00', 'Condomínio arborizado, cliente amou.'),
(139, 139, 139, '2024-05-18 15:45:00', 'Vai medir a sala para ver se o sofá cabe.'),
(140, 140, 140, '2024-05-19 11:00:00', 'Não atendeu. Descartado.'),
(141, 141, 141, '2024-05-20 09:30:00', 'Queria fechadura digital, pediu para negociar inclusão.'),
(142, 142, 142, '2024-05-21 10:00:00', 'A tubulação parecia antiga, vai trazer encanador.'),
(143, 143, 143, '2024-05-22 13:30:00', 'Visão limpa da janela do quarto. Perfeito.'),
(144, 144, 144, '2024-05-23 14:00:00', 'Sem box nos banheiros, negociar com proprietário.'),
(145, 145, 145, '2024-05-24 16:00:00', 'Aprovou a localização e a infraestrutura.'),
(146, 146, 146, '2024-05-25 09:00:00', 'Cliente está em dúvida entre este e um no centro.'),
(147, 147, 147, '2024-05-26 10:45:00', 'Apenas a sala é nascente. Vai pensar.'),
(148, 148, 148, '2024-05-27 11:15:00', 'O aquecimento a gás não está funcionando bem.'),
(149, 149, 149, '2024-05-28 15:00:00', 'O cliente pediu as chaves antecipadas para reforma.'),
(150, 150, 150, '2024-05-29 16:30:00', 'Excelente.'),
(151, 151, 151, '2024-05-30 09:00:00', 'Boa opção para casal recém-casado.'),
(152, 152, 152, '2024-05-31 10:00:00', 'Achou a garagem apertada demais para caminhonete.'),
(153, 153, 153, '2024-06-01 14:00:00', 'Gostou do espaço pet no condomínio.'),
(154, 154, 154, '2024-06-02 15:30:00', 'Muitas escadas até o bloco. Preferia térreo.'),
(155, 155, 155, '2024-06-03 09:15:00', 'Agendou reunião para fechamento na imobiliária.'),
(156, 156, 156, '2024-06-04 11:00:00', 'Rachadura na parede externa assustou o cliente.'),
(157, 157, 157, '2024-06-05 16:00:00', 'Imóvel super moderno, adorou a automação residencial.'),
(158, 158, 158, '2024-06-06 10:30:00', 'Falta portão eletrônico.'),
(159, 159, 159, '2024-06-07 13:00:00', 'Vai fazer proposta para locação hoje.'),
(160, 160, 160, '2024-06-08 14:45:00', 'A vizinhança parece muito tranquila.'),
(161, 161, 161, '2024-06-09 09:00:00', 'Pintura fresca agradou, casa pronta para morar.'),
(162, 162, 162, '2024-06-10 10:00:00', 'O telhado parece precisar de reparos.'),
(163, 163, 163, '2024-06-11 11:30:00', 'Muito espaçoso.'),
(164, 164, 164, '2024-06-12 15:00:00', 'Achou o quintal muito pequeno para a piscina que quer fazer.'),
(165, 165, 165, '2024-06-13 16:30:00', 'O cliente vai enviar a proposta à noite.'),
(166, 166, 166, '2024-06-14 09:00:00', 'Excelente para clínica médica. Ponto ótimo.'),
(167, 167, 167, '2024-06-15 10:15:00', 'Falta AVCB atualizado no prédio comercial.'),
(168, 168, 168, '2024-06-16 14:00:00', 'Layout em vão livre agradou o empresário.'),
(169, 169, 169, '2024-06-17 15:45:00', 'Gostou das divisórias de vidro no escritório.'),
(170, 170, 170, '2024-06-18 11:00:00', 'Estacionamento pequeno para clientes.'),
(171, 171, 171, '2024-06-19 09:30:00', 'Perfeito para loja de rua. Fluxo ótimo.'),
(172, 172, 172, '2024-06-20 10:00:00', 'Gostou da vitrine ampla.'),
(173, 173, 173, '2024-06-21 13:30:00', 'Muito longe do ponto de ônibus, ruim para funcionários.'),
(174, 174, 174, '2024-06-22 14:00:00', 'A infraestrutura de TI do prédio atende perfeitamente.'),
(175, 175, 175, '2024-06-23 16:00:00', 'Segurança do condomínio logístico impecável.'),
(176, 176, 176, '2024-06-24 09:00:00', 'Pé direito do galpão suficiente para os porta-paletes.'),
(177, 177, 177, '2024-06-25 10:45:00', 'Falta doca de carga elevada.'),
(178, 178, 178, '2024-06-26 11:15:00', 'Galpão em ótimas condições de piso.'),
(179, 179, 179, '2024-06-27 15:00:00', 'Rua estreita para manobra de carretas.'),
(180, 180, 180, '2024-06-28 16:30:00', 'Prédio monousuário, ideal para a sede da empresa.'),
(181, 181, 181, '2024-06-29 09:00:00', 'O cliente vai trazer o arquiteto para layout da laje.'),
(182, 182, 182, '2024-06-30 10:00:00', 'Gostou do piso elevado para cabeamento.'),
(183, 183, 183, '2024-07-01 14:00:00', 'Falta gerador de energia no edifício.'),
(184, 184, 184, '2024-07-02 15:30:00', 'Vista do andar corporativo impressionou os diretores.'),
(185, 185, 185, '2024-07-03 09:15:00', 'Acesso fácil pela via expressa.'),
(186, 186, 186, '2024-07-04 11:00:00', 'O preço do m² está um pouco acima do mercado, vai negociar.'),
(187, 187, 187, '2024-07-05 16:00:00', 'Visita no terreno. Topografia plana agradou.'),
(188, 188, 188, '2024-07-06 10:30:00', 'Vai verificar viabilidade de construção na Prefeitura.'),
(189, 189, 189, '2024-07-07 13:00:00', 'O terreno precisará de aterro.'),
(190, 190, 190, '2024-07-08 14:45:00', 'Excelente lote em esquina.'),
(191, 191, 191, '2024-07-09 09:00:00', 'Vegetação densa, precisará de licença para supressão.'),
(192, 192, 192, '2024-07-10 10:00:00', 'Área de preservação permanente próxima. Cliente recuou.'),
(193, 193, 193, '2024-07-11 11:30:00', 'Sítio muito produtivo, amou o pomar.'),
(194, 194, 194, '2024-07-12 15:00:00', 'A estrada de terra precisa de manutenção.'),
(195, 195, 195, '2024-07-13 16:30:00', 'A casa sede é maravilhosa.'),
(196, 196, 196, '2024-07-14 09:00:00', 'O curral precisa de reformas urgentes.'),
(197, 197, 197, '2024-07-15 10:15:00', 'Nascente de água própria foi o fator decisivo.'),
(198, 198, 198, '2024-07-16 14:00:00', 'Sinal de celular muito fraco na região.'),
(199, 199, 199, '2024-07-17 15:45:00', 'Cercas em perfeito estado. Gado vai ser transferido logo.'),
(200, 200, 200, '2024-07-18 11:00:00', 'Negociação finalizada com sucesso durante a visita.');


-- VENDA
INSERT INTO Venda (id_cliente, id_corretor, id_imovel, data_venda, valor_venda) VALUES
(1, 1, 1, '2024-01-10', 340000.00),
(2, 2, 2, '2024-01-12', 415000.00),
(3, 3, 3, '2024-01-15', 148000.00),
(4, 4, 4, '2024-01-18', 840000.00),
(5, 5, 5, '2024-01-20', 535000.00),
(6, 6, 6, '2024-01-22', 2450000.00),
(7, 7, 7, '2024-01-25', 315000.00),
(8, 8, 8, '2024-01-28', 475000.00),
(9, 9, 9, '2024-01-30', 640000.00),
(10, 10, 10, '2024-02-02', 115000.00),
(11, 11, 11, '2024-02-05', 1180000.00),
(12, 12, 12, '2024-02-08', 3400000.00),
(13, 13, 13, '2024-02-10', 970000.00),
(14, 14, 14, '2024-02-12', 740000.00),
(15, 15, 15, '2024-02-15', 245000.00),
(16, 16, 16, '2024-02-18', 590000.00),
(17, 17, 17, '2024-02-20', 845000.00),
(18, 18, 18, '2024-02-22', 1750000.00),
(19, 19, 19, '2024-02-25', 4400000.00),
(20, 20, 20, '2024-02-28', 1480000.00),
(21, 21, 21, '2024-03-01', 940000.00),
(22, 22, 22, '2024-03-03', 275000.00),
(23, 23, 23, '2024-03-05', 1230000.00),
(24, 24, 24, '2024-03-08', 3350000.00),
(25, 25, 25, '2024-03-10', 4000000.00),
(26, 26, 26, '2024-03-12', 870000.00),
(27, 27, 27, '2024-03-15', 590000.00),
(28, 28, 28, '2024-03-18', 445000.00),
(29, 29, 29, '2024-03-20', 770000.00),
(30, 30, 30, '2024-03-22', 2150000.00),
(31, 31, 31, '2024-03-25', 345000.00),
(32, 32, 32, '2024-03-28', 575000.00),
(33, 33, 33, '2024-03-30', 1420000.00),
(34, 34, 34, '2024-04-02', 275000.00),
(35, 35, 35, '2024-04-05', 610000.00),
(36, 36, 36, '2024-04-08', 840000.00),
(37, 37, 37, '2024-04-10', 945000.00),
(38, 38, 38, '2024-04-12', 1080000.00),
(39, 39, 39, '2024-04-15', 1330000.00),
(40, 40, 40, '2024-04-18', 415000.00),
(41, 41, 41, '2024-04-20', 82000.00),
(42, 42, 42, '2024-04-22', 92000.00),
(43, 43, 43, '2024-04-25', 2150000.00),
(44, 44, 44, '2024-04-28', 145000.00),
(45, 45, 45, '2024-04-30', 7900000.00),
(46, 46, 46, '2024-05-02', 4400000.00),
(47, 47, 47, '2024-05-05', 11500000.00),
(48, 48, 48, '2024-05-08', 3700000.00),
(49, 49, 49, '2024-05-10', 1920000.00),
(50, 50, 50, '2024-05-12', 2350000.00),
(51, 51, 51, '2024-05-15', 840000.00),
(52, 52, 52, '2024-05-18', 415000.00),
(53, 53, 53, '2024-05-20', 345000.00),
(54, 54, 54, '2024-05-22', 1780000.00),
(55, 55, 55, '2024-05-25', 740000.00),
(56, 56, 56, '2024-05-28', 670000.00),
(57, 57, 57, '2024-05-30', 445000.00),
(58, 58, 58, '2024-06-02', 12300000.00),
(59, 59, 59, '2024-06-05', 3350000.00),
(60, 60, 60, '2024-06-08', 2850000.00),
(61, 61, 61, '2024-06-10', 148000.00),
(62, 62, 62, '2024-06-12', 275000.00),
(63, 63, 63, '2024-06-15', 940000.00),
(64, 64, 64, '2024-06-18', 4750000.00),
(65, 65, 65, '2024-06-20', 3150000.00),
(66, 66, 66, '2024-06-22', 445000.00),
(67, 67, 67, '2024-06-25', 770000.00),
(68, 68, 68, '2024-06-28', 1080000.00),
(69, 69, 69, '2024-06-30', 640000.00),
(70, 70, 70, '2024-07-02', 535000.00),
(71, 71, 71, '2024-07-05', 840000.00),
(72, 72, 72, '2024-07-08', 3450000.00),
(73, 73, 73, '2024-07-10', 1420000.00),
(74, 74, 74, '2024-07-12', 590000.00),
(75, 75, 75, '2024-07-15', 2150000.00),
(76, 76, 76, '2024-07-18', 1230000.00),
(77, 77, 77, '2024-07-20', 44000.00),
(78, 78, 78, '2024-07-22', 64000.00),
(79, 79, 79, '2024-07-25', 2750000.00),
(80, 80, 80, '2024-07-28', 1780000.00),
(81, 81, 81, '2024-07-30', 345000.00),
(82, 82, 82, '2024-08-02', 415000.00),
(83, 83, 83, '2024-08-05', 148000.00),
(84, 84, 84, '2024-08-08', 840000.00),
(85, 85, 85, '2024-08-10', 535000.00),
(86, 86, 86, '2024-08-12', 2450000.00),
(87, 87, 87, '2024-08-15', 315000.00),
(88, 88, 88, '2024-08-18', 475000.00),
(89, 89, 89, '2024-08-20', 640000.00),
(90, 90, 90, '2024-08-22', 115000.00),
(91, 91, 91, '2024-08-25', 1180000.00),
(92, 92, 92, '2024-08-28', 3400000.00),
(93, 93, 93, '2024-08-30', 970000.00),
(94, 94, 94, '2024-09-02', 740000.00),
(95, 95, 95, '2024-09-05', 245000.00),
(96, 96, 96, '2024-09-08', 590000.00),
(97, 97, 97, '2024-09-10', 845000.00),
(98, 98, 98, '2024-09-12', 1750000.00),
(99, 99, 99, '2024-09-15', 4400000.00),
(100, 100, 100, '2024-09-18', 1480000.00),
(101, 101, 101, '2024-09-20', 340000.00),
(102, 102, 102, '2024-09-22', 415000.00),
(103, 103, 103, '2024-09-25', 148000.00),
(104, 104, 104, '2024-09-28', 840000.00),
(105, 105, 105, '2024-09-30', 535000.00),
(106, 106, 106, '2024-10-02', 2450000.00),
(107, 107, 107, '2024-10-05', 315000.00),
(108, 108, 108, '2024-10-08', 475000.00),
(109, 109, 109, '2024-10-10', 640000.00),
(110, 110, 110, '2024-10-12', 115000.00),
(111, 111, 111, '2024-10-15', 1180000.00),
(112, 112, 112, '2024-10-18', 3400000.00),
(113, 113, 113, '2024-10-20', 970000.00),
(114, 114, 114, '2024-10-22', 740000.00),
(115, 115, 115, '2024-10-25', 245000.00),
(116, 116, 116, '2024-10-28', 590000.00),
(117, 117, 117, '2024-10-30', 845000.00),
(118, 118, 118, '2024-11-02', 1750000.00),
(119, 119, 119, '2024-11-05', 4400000.00),
(120, 120, 120, '2024-11-08', 1480000.00),
(121, 121, 121, '2024-11-10', 940000.00),
(122, 122, 122, '2024-11-12', 275000.00),
(123, 123, 123, '2024-11-15', 1230000.00),
(124, 124, 124, '2024-11-18', 3350000.00),
(125, 125, 125, '2024-11-20', 4000000.00),
(126, 126, 126, '2024-11-22', 870000.00),
(127, 127, 127, '2024-11-25', 590000.00),
(128, 128, 128, '2024-11-28', 445000.00),
(129, 129, 129, '2024-11-30', 770000.00),
(130, 130, 130, '2024-12-02', 2150000.00),
(131, 131, 131, '2024-12-05', 345000.00),
(132, 132, 132, '2024-12-08', 575000.00),
(133, 133, 133, '2024-12-10', 1420000.00),
(134, 134, 134, '2024-12-12', 275000.00),
(135, 135, 135, '2024-12-15', 610000.00),
(136, 136, 136, '2024-12-18', 840000.00),
(137, 137, 137, '2024-12-20', 945000.00),
(138, 138, 138, '2024-12-22', 1080000.00),
(139, 139, 139, '2024-12-25', 1330000.00),
(140, 140, 140, '2024-12-28', 415000.00),
(141, 141, 141, '2024-12-30', 345000.00),
(142, 142, 142, '2025-01-02', 415000.00),
(143, 143, 143, '2025-01-05', 148000.00),
(144, 144, 144, '2025-01-08', 840000.00),
(145, 145, 145, '2025-01-10', 535000.00),
(146, 146, 146, '2025-01-12', 2450000.00),
(147, 147, 147, '2025-01-15', 315000.00),
(148, 148, 148, '2025-01-18', 475000.00),
(149, 149, 149, '2025-01-20', 640000.00),
(150, 150, 150, '2025-01-22', 115000.00),
(151, 151, 151, '2025-01-25', 1180000.00),
(152, 152, 152, '2025-01-28', 3400000.00),
(153, 153, 153, '2025-01-30', 970000.00),
(154, 154, 154, '2025-02-02', 740000.00),
(155, 155, 155, '2025-02-05', 245000.00),
(156, 156, 156, '2025-02-08', 590000.00),
(157, 157, 157, '2025-02-10', 845000.00),
(158, 158, 158, '2025-02-12', 1750000.00),
(159, 159, 159, '2025-02-15', 4400000.00),
(160, 160, 160, '2025-02-18', 1480000.00),
(161, 161, 161, '2025-02-20', 340000.00),
(162, 162, 162, '2025-02-22', 415000.00),
(163, 163, 163, '2025-02-25', 148000.00),
(164, 164, 164, '2025-02-28', 840000.00),
(165, 165, 165, '2025-03-02', 535000.00),
(166, 166, 166, '2025-03-05', 2450000.00),
(167, 167, 167, '2025-03-08', 315000.00),
(168, 168, 168, '2025-03-10', 475000.00),
(169, 169, 169, '2025-03-12', 640000.00),
(170, 170, 170, '2025-03-15', 115000.00),
(171, 171, 171, '2025-03-18', 1180000.00),
(172, 172, 172, '2025-03-20', 3400000.00),
(173, 173, 173, '2025-03-22', 970000.00),
(174, 174, 174, '2025-03-25', 740000.00),
(175, 175, 175, '2025-03-28', 245000.00),
(176, 176, 176, '2025-03-30', 590000.00),
(177, 177, 177, '2025-04-02', 845000.00),
(178, 178, 178, '2025-04-05', 1750000.00),
(179, 179, 179, '2025-04-08', 4400000.00),
(180, 180, 180, '2025-04-10', 1480000.00),
(181, 181, 181, '2025-04-12', 345000.00),
(182, 182, 182, '2025-04-15', 415000.00),
(183, 183, 183, '2025-04-18', 148000.00),
(184, 184, 184, '2025-04-20', 840000.00),
(185, 185, 185, '2025-04-22', 535000.00),
(186, 186, 186, '2025-04-25', 2450000.00),
(187, 187, 187, '2025-04-28', 315000.00),
(188, 188, 188, '2025-04-30', 475000.00),
(189, 189, 189, '2025-05-02', 640000.00),
(190, 190, 190, '2025-05-05', 115000.00),
(191, 191, 191, '2025-05-08', 1180000.00),
(192, 192, 192, '2025-05-10', 3400000.00),
(193, 193, 193, '2025-05-12', 970000.00),
(194, 194, 194, '2025-05-15', 740000.00),
(195, 195, 195, '2025-05-18', 245000.00),
(196, 196, 196, '2025-05-20', 590000.00),
(197, 197, 197, '2025-05-22', 845000.00),
(198, 198, 198, '2025-05-25', 1750000.00),
(199, 199, 199, '2025-05-28', 4400000.00),
(200, 200, 200, '2025-05-30', 1480000.00);


-- ALUGUEL
INSERT INTO Aluguel (id_cliente, id_corretor, id_imovel, data_inicio, valor_aluguel) VALUES
(1,1,1,'2025-01-05',1800.00),
(2,2,2,'2025-01-08',1950.00),
(3,3,3,'2025-01-10',2100.00),
(4,4,4,'2025-01-12',1750.00),
(5,5,5,'2025-01-15',2250.00),
(6,6,6,'2025-01-18',2400.00),
(7,7,7,'2025-01-20',1850.00),
(8,8,8,'2025-01-22',2000.00),
(9,9,9,'2025-01-25',2150.00),
(10,10,10,'2025-01-27',2500.00),
(11,11,11,'2025-02-01',1700.00),
(12,12,12,'2025-02-03',2050.00),
(13,13,13,'2025-02-05',2200.00),
(14,14,14,'2025-02-07',2600.00),
(15,15,15,'2025-02-09',1950.00),
(16,16,16,'2025-02-12',2300.00),
(17,17,17,'2025-02-15',2100.00),
(18,18,18,'2025-02-18',2450.00),
(19,19,19,'2025-02-20',2800.00),
(20,20,20,'2025-02-22',1750.00),
(21,21,21,'2025-03-01',1900.00),
(22,22,22,'2025-03-03',2050.00),
(23,23,23,'2025-03-05',2350.00),
(24,24,24,'2025-03-07',2500.00),
(25,25,25,'2025-03-09',2700.00),
(26,26,26,'2025-03-12',1800.00),
(27,27,27,'2025-03-14',1950.00),
(28,28,28,'2025-03-16',2150.00),
(29,29,29,'2025-03-18',2400.00),
(30,30,30,'2025-03-20',2600.00),
(31,31,31,'2025-04-01',1750.00),
(32,32,32,'2025-04-03',2100.00),
(33,33,33,'2025-04-05',2250.00),
(34,34,34,'2025-04-07',2450.00),
(35,35,35,'2025-04-10',2650.00),
(36,36,36,'2025-04-12',1850.00),
(37,37,37,'2025-04-15',2050.00),
(38,38,38,'2025-04-18',2200.00),
(39,39,39,'2025-04-20',2550.00),
(40,40,40,'2025-04-22',2750.00),
(41,41,41,'2025-05-01',1900.00),
(42,42,42,'2025-05-03',2150.00),
(43,43,43,'2025-05-05',2300.00),
(44,44,44,'2025-05-07',2450.00),
(45,45,45,'2025-05-10',2650.00),
(46,46,46,'2025-05-12',1800.00),
(47,47,47,'2025-05-15',2050.00),
(48,48,48,'2025-05-18',2250.00),
(49,49,49,'2025-05-20',2400.00),
(50,50,50,'2025-05-22',2600.00),
(51,51,51,'2025-06-01',1850.00),
(52,52,52,'2025-06-03',2100.00),
(53,53,53,'2025-06-05',2250.00),
(54,54,54,'2025-06-07',2450.00),
(55,55,55,'2025-06-10',2650.00),
(56,56,56,'2025-06-12',1950.00),
(57,57,57,'2025-06-15',2150.00),
(58,58,58,'2025-06-18',2350.00),
(59,59,59,'2025-06-20',2550.00),
(60,60,60,'2025-06-22',2750.00),
(61,61,61,'2025-07-01',1800.00),
(62,62,62,'2025-07-03',2050.00),
(63,63,63,'2025-07-05',2200.00),
(64,64,64,'2025-07-07',2400.00),
(65,65,65,'2025-07-10',2600.00),
(66,66,66,'2025-07-12',1900.00),
(67,67,67,'2025-07-15',2100.00),
(68,68,68,'2025-07-18',2300.00),
(69,69,69,'2025-07-20',2500.00),
(70,70,70,'2025-07-22',2700.00),
(71,71,71,'2025-08-01',1850.00),
(72,72,72,'2025-08-03',2050.00),
(73,73,73,'2025-08-05',2250.00),
(74,74,74,'2025-08-07',2450.00),
(75,75,75,'2025-08-10',2650.00),
(76,76,76,'2025-08-12',1950.00),
(77,77,77,'2025-08-15',2150.00),
(78,78,78,'2025-08-18',2350.00),
(79,79,79,'2025-08-20',2550.00),
(80,80,80,'2025-08-22',2750.00),
(81,81,81,'2025-09-01',1800.00),
(82,82,82,'2025-09-03',2000.00),
(83,83,83,'2025-09-05',2200.00),
(84,84,84,'2025-09-07',2400.00),
(85,85,85,'2025-09-10',2600.00),
(86,86,86,'2025-09-12',1900.00),
(87,87,87,'2025-09-15',2100.00),
(88,88,88,'2025-09-18',2300.00),
(89,89,89,'2025-09-20',2500.00),
(90,90,90,'2025-09-22',2700.00),
(91,91,91,'2025-10-01',1850.00),
(92,92,92,'2025-10-03',2050.00),
(93,93,93,'2025-10-05',2250.00),
(94,94,94,'2025-10-07',2450.00),
(95,95,95,'2025-10-10',2650.00),
(96,96,96,'2025-10-12',1950.00),
(97,97,97,'2025-10-15',2150.00),
(98,98,98,'2025-10-18',2350.00),
(99,99,99,'2025-10-20',2550.00),
(100,100,100,'2025-10-22',2750.00),
(101,101,101,'2025-11-01',1800.00),
(102,102,102,'2025-11-03',2000.00),
(103,103,103,'2025-11-05',2200.00),
(104,104,104,'2025-11-07',2400.00),
(105,105,105,'2025-11-10',2600.00),
(106,106,106,'2025-11-12',1950.00),
(107,107,107,'2025-11-15',2150.00),
(108,108,108,'2025-11-18',2350.00),
(109,109,109,'2025-11-20',2550.00),
(110,110,110,'2025-11-22',2750.00),
(111,111,111,'2025-12-01',1850.00),
(112,112,112,'2025-12-03',2050.00),
(113,113,113,'2025-12-05',2250.00),
(114,114,114,'2025-12-07',2450.00),
(115,115,115,'2025-12-10',2650.00),
(116,116,116,'2025-12-12',1900.00),
(117,117,117,'2025-12-15',2100.00),
(118,118,118,'2025-12-18',2300.00),
(119,119,119,'2025-12-20',2500.00),
(120,120,120,'2025-12-22',2700.00),
(121,121,121,'2026-01-02',1800.00),
(122,122,122,'2026-01-04',2000.00),
(123,123,123,'2026-01-06',2200.00),
(124,124,124,'2026-01-08',2400.00),
(125,125,125,'2026-01-10',2600.00),
(126,126,126,'2026-01-13',1950.00),
(127,127,127,'2026-01-15',2150.00),
(128,128,128,'2026-01-18',2350.00),
(129,129,129,'2026-01-20',2550.00),
(130,130,130,'2026-01-22',2750.00),
(131,131,131,'2026-02-01',1850.00),
(132,132,132,'2026-02-03',2050.00),
(133,133,133,'2026-02-05',2250.00),
(134,134,134,'2026-02-07',2450.00),
(135,135,135,'2026-02-10',2650.00),
(136,136,136,'2026-02-12',1900.00),
(137,137,137,'2026-02-15',2100.00),
(138,138,138,'2026-02-18',2300.00),
(139,139,139,'2026-02-20',2500.00),
(140,140,140,'2026-02-22',2700.00),
(141,141,141,'2026-03-01',1800.00),
(142,142,142,'2026-03-03',2000.00),
(143,143,143,'2026-03-05',2200.00),
(144,144,144,'2026-03-07',2400.00),
(145,145,145,'2026-03-10',2600.00),
(146,146,146,'2026-03-12',1950.00),
(147,147,147,'2026-03-15',2150.00),
(148,148,148,'2026-03-18',2350.00),
(149,149,149,'2026-03-20',2550.00),
(150,150,150,'2026-03-22',2750.00),
(151,151,151,'2026-04-01',1850.00),
(152,152,152,'2026-04-03',2050.00),
(153,153,153,'2026-04-05',2250.00),
(154,154,154,'2026-04-07',2450.00),
(155,155,155,'2026-04-10',2650.00),
(156,156,156,'2026-04-12',1900.00),
(157,157,157,'2026-04-15',2100.00),
(158,158,158,'2026-04-18',2300.00),
(159,159,159,'2026-04-20',2500.00),
(160,160,160,'2026-04-22',2700.00),
(161,161,161,'2026-05-01',1800.00),
(162,162,162,'2026-05-03',2000.00),
(163,163,163,'2026-05-05',2200.00),
(164,164,164,'2026-05-07',2400.00),
(165,165,165,'2026-05-10',2600.00),
(166,166,166,'2026-05-12',1950.00),
(167,167,167,'2026-05-15',2150.00),
(168,168,168,'2026-05-18',2350.00),
(169,169,169,'2026-05-20',2550.00),
(170,170,170,'2026-05-22',2750.00),
(171,171,171,'2026-06-01',1850.00),
(172,172,172,'2026-06-03',2050.00),
(173,173,173,'2026-06-05',2250.00),
(174,174,174,'2026-06-07',2450.00),
(175,175,175,'2026-06-10',2650.00),
(176,176,176,'2026-06-12',1900.00),
(177,177,177,'2026-06-15',2100.00),
(178,178,178,'2026-06-18',2300.00),
(179,179,179,'2026-06-20',2500.00),
(180,180,180,'2026-06-22',2700.00),
(181,181,181,'2026-07-01',1800.00),
(182,182,182,'2026-07-03',2000.00),
(183,183,183,'2026-07-05',2200.00),
(184,184,184,'2026-07-07',2400.00),
(185,185,185,'2026-07-10',2600.00),
(186,186,186,'2026-07-12',1950.00),
(187,187,187,'2026-07-15',2150.00),
(188,188,188,'2026-07-18',2350.00),
(189,189,189,'2026-07-20',2550.00),
(190,190,190,'2026-07-22',2750.00),
(191,191,191,'2026-08-01',1850.00),
(192,192,192,'2026-08-03',2050.00),
(193,193,193,'2026-08-05',2250.00),
(194,194,194,'2026-08-07',2450.00),
(195,195,195,'2026-08-10',2650.00),
(196,196,196,'2026-08-12',1900.00),
(197,197,197,'2026-08-15',2100.00),
(198,198,198,'2026-08-18',2300.00),
(199,199,199,'2026-08-20',2500.00),
(200,200,200,'2026-08-22',2700.00);


-- CONTRATO
INSERT INTO Contrato (id_venda, id_aluguel, data_assinatura, clausulas) VALUES
(NULL,1,'2025-01-05','Contrato de locação residencial com prazo de 30 meses.'),
(NULL,2,'2025-01-08','Contrato de locação residencial com prazo de 30 meses.'),
(NULL,3,'2025-01-10','Contrato de locação residencial com prazo de 30 meses.'),
(NULL,4,'2025-01-12','Contrato de locação comercial com reajuste anual pelo IPCA.'),
(NULL,5,'2025-01-15','Contrato de locação residencial com garantia de caução.'),
(NULL,6,'2025-01-18','Contrato de locação residencial com garantia de fiador.'),
(NULL,7,'2025-01-20','Contrato de locação comercial com prazo de 24 meses.'),
(NULL,8,'2025-01-22','Contrato de locação residencial com pintura obrigatória na devolução.'),
(NULL,9,'2025-01-25','Contrato de locação residencial com reajuste anual.'),
(NULL,10,'2025-01-27','Contrato de locação comercial com seguro obrigatório.'),
(NULL,11,'2025-02-01','Contrato de locação residencial padrão.'),
(NULL,12,'2025-02-03','Contrato de locação residencial padrão.'),
(NULL,13,'2025-02-05','Contrato de locação residencial padrão.'),
(NULL,14,'2025-02-07','Contrato de locação comercial padrão.'),
(NULL,15,'2025-02-09','Contrato de locação residencial com caução.'),
(NULL,16,'2025-02-12','Contrato de locação residencial com fiador.'),
(NULL,17,'2025-02-15','Contrato de locação residencial.'),
(NULL,18,'2025-02-18','Contrato de locação comercial.'),
(NULL,19,'2025-02-20','Contrato de locação residencial.'),
(NULL,20,'2025-02-22','Contrato de locação residencial.'),
(NULL,21,'2025-03-01','Contrato de locação residencial.'),
(NULL,22,'2025-03-03','Contrato de locação residencial.'),
(NULL,23,'2025-03-05','Contrato de locação comercial.'),
(NULL,24,'2025-03-07','Contrato de locação residencial.'),
(NULL,25,'2025-03-09','Contrato de locação residencial.'),
(NULL,26,'2025-03-12','Contrato de locação residencial.'),
(NULL,27,'2025-03-14','Contrato de locação comercial.'),
(NULL,28,'2025-03-16','Contrato de locação residencial.'),
(NULL,29,'2025-03-18','Contrato de locação residencial.'),
(NULL,30,'2025-03-20','Contrato de locação comercial.'),
(NULL,31,'2025-04-01','Contrato de locação residencial.'),
(NULL,32,'2025-04-03','Contrato de locação residencial.'),
(NULL,33,'2025-04-05','Contrato de locação residencial.'),
(NULL,34,'2025-04-07','Contrato de locação comercial.'),
(NULL,35,'2025-04-10','Contrato de locação residencial.'),
(NULL,36,'2025-04-12','Contrato de locação residencial.'),
(NULL,37,'2025-04-15','Contrato de locação residencial.'),
(NULL,38,'2025-04-18','Contrato de locação comercial.'),
(NULL,39,'2025-04-20','Contrato de locação residencial.'),
(NULL,40,'2025-04-22','Contrato de locação residencial.'),
(NULL,41,'2025-05-01','Contrato de locação residencial.'),
(NULL,42,'2025-05-03','Contrato de locação comercial.'),
(NULL,43,'2025-05-05','Contrato de locação residencial.'),
(NULL,44,'2025-05-07','Contrato de locação residencial.'),
(NULL,45,'2025-05-10','Contrato de locação comercial.'),
(NULL,46,'2025-05-12','Contrato de locação residencial.'),
(NULL,47,'2025-05-15','Contrato de locação residencial.'),
(NULL,48,'2025-05-18','Contrato de locação comercial.'),
(NULL,49,'2025-05-20','Contrato de locação residencial.'),
(NULL,50,'2025-05-22','Contrato de locação residencial.'),
(NULL,51,'2025-06-01','Contrato de locação residencial com prazo de 30 meses.'),
(NULL,52,'2025-06-03','Contrato de locação residencial com reajuste anual pelo IPCA.'),
(NULL,53,'2025-06-05','Contrato de locação comercial com prazo de 24 meses.'),
(NULL,54,'2025-06-07','Contrato de locação residencial com garantia de caução.'),
(NULL,55,'2025-06-10','Contrato de locação residencial com garantia de fiador.'),
(NULL,56,'2025-06-12','Contrato de locação residencial padrão.'),
(NULL,57,'2025-06-15','Contrato de locação comercial padrão.'),
(NULL,58,'2025-06-18','Contrato de locação residencial.'),
(NULL,59,'2025-06-20','Contrato de locação residencial.'),
(NULL,60,'2025-06-22','Contrato de locação comercial com seguro obrigatório.'),
(NULL,61,'2025-07-01','Contrato de locação residencial padrão.'),
(NULL,62,'2025-07-03','Contrato de locação residencial.'),
(NULL,63,'2025-07-05','Contrato de locação comercial.'),
(NULL,64,'2025-07-07','Contrato de locação residencial com pintura obrigatória na devolução.'),
(NULL,65,'2025-07-10','Contrato de locação residencial com reajuste anual.'),
(NULL,66,'2025-07-12','Contrato de locação residencial.'),
(NULL,67,'2025-07-15','Contrato de locação comercial.'),
(NULL,68,'2025-07-18','Contrato de locação residencial com caução.'),
(NULL,69,'2025-07-20','Contrato de locação residencial com fiador.'),
(NULL,70,'2025-07-22','Contrato de locação comercial.'),
(NULL,71,'2025-08-01','Contrato de locação residencial.'),
(NULL,72,'2025-08-03','Contrato de locação residencial padrão.'),
(NULL,73,'2025-08-05','Contrato de locação comercial padrão.'),
(NULL,74,'2025-08-07','Contrato de locação residencial.'),
(NULL,75,'2025-08-10','Contrato de locação residencial com garantia de caução.'),
(NULL,76,'2025-08-12','Contrato de locação residencial.'),
(NULL,77,'2025-08-15','Contrato de locação comercial.'),
(NULL,78,'2025-08-18','Contrato de locação residencial padrão.'),
(NULL,79,'2025-08-20','Contrato de locação residencial.'),
(NULL,80,'2025-08-22','Contrato de locação comercial com reajuste anual pelo IPCA.'),
(NULL,81,'2025-09-01','Contrato de locação residencial.'),
(NULL,82,'2025-09-03','Contrato de locação residencial.'),
(NULL,83,'2025-09-05','Contrato de locação comercial.'),
(NULL,84,'2025-09-07','Contrato de locação residencial com garantia de fiador.'),
(NULL,85,'2025-09-10','Contrato de locação residencial.'),
(NULL,86,'2025-09-12','Contrato de locação residencial padrão.'),
(NULL,87,'2025-09-15','Contrato de locação comercial padrão.'),
(NULL,88,'2025-09-18','Contrato de locação residencial.'),
(NULL,89,'2025-09-20','Contrato de locação residencial com pintura obrigatória na devolução.'),
(NULL,90,'2025-09-22','Contrato de locação comercial.'),
(NULL,91,'2025-10-01','Contrato de locação residencial.'),
(NULL,92,'2025-10-03','Contrato de locação residencial com reajuste anual.'),
(NULL,93,'2025-10-05','Contrato de locação comercial.'),
(NULL,94,'2025-10-07','Contrato de locação residencial padrão.'),
(NULL,95,'2025-10-10','Contrato de locação residencial.'),
(NULL,96,'2025-10-12','Contrato de locação comercial com seguro obrigatório.'),
(NULL,97,'2025-10-15','Contrato de locação residencial.'),
(NULL,98,'2025-10-18','Contrato de locação residencial padrão.'),
(NULL,99,'2025-10-20','Contrato de locação comercial.'),
(NULL,100,'2025-10-22','Contrato de locação residencial.'),
(101,NULL,'2025-11-01','Contrato de compra e venda de imóvel residencial.'),
(102,NULL,'2025-11-03','Contrato de compra e venda de imóvel residencial.'),
(103,NULL,'2025-11-05','Contrato de compra e venda de imóvel comercial.'),
(104,NULL,'2025-11-07','Contrato de compra e venda com pagamento à vista.'),
(105,NULL,'2025-11-10','Contrato de compra e venda com financiamento bancário.'),
(106,NULL,'2025-11-12','Contrato de compra e venda de imóvel residencial.'),
(107,NULL,'2025-11-15','Contrato de compra e venda de imóvel comercial.'),
(108,NULL,'2025-11-18','Contrato de compra e venda de imóvel residencial.'),
(109,NULL,'2025-11-20','Contrato de compra e venda de imóvel residencial.'),
(110,NULL,'2025-11-22','Contrato de compra e venda com financiamento.'),
(111,NULL,'2025-12-01','Contrato de compra e venda de imóvel residencial.'),
(112,NULL,'2025-12-03','Contrato de compra e venda de imóvel residencial.'),
(113,NULL,'2025-12-05','Contrato de compra e venda de imóvel comercial.'),
(114,NULL,'2025-12-07','Contrato de compra e venda com pagamento parcelado.'),
(115,NULL,'2025-12-10','Contrato de compra e venda de imóvel residencial.'),
(116,NULL,'2025-12-12','Contrato de compra e venda de imóvel residencial.'),
(117,NULL,'2025-12-15','Contrato de compra e venda de imóvel comercial.'),
(118,NULL,'2025-12-18','Contrato de compra e venda com financiamento bancário.'),
(119,NULL,'2025-12-20','Contrato de compra e venda de imóvel residencial.'),
(120,NULL,'2025-12-22','Contrato de compra e venda de imóvel comercial.'),
(121,NULL,'2026-01-02','Contrato de compra e venda de imóvel residencial.'),
(122,NULL,'2026-01-04','Contrato de compra e venda de imóvel residencial.'),
(123,NULL,'2026-01-06','Contrato de compra e venda de imóvel comercial.'),
(124,NULL,'2026-01-08','Contrato de compra e venda com pagamento à vista.'),
(125,NULL,'2026-01-10','Contrato de compra e venda com financiamento bancário.'),
(126,NULL,'2026-01-13','Contrato de compra e venda de imóvel residencial.'),
(127,NULL,'2026-01-15','Contrato de compra e venda de imóvel comercial.'),
(128,NULL,'2026-01-18','Contrato de compra e venda de imóvel residencial.'),
(129,NULL,'2026-01-20','Contrato de compra e venda de imóvel residencial.'),
(130,NULL,'2026-01-22','Contrato de compra e venda com financiamento.'),
(131,NULL,'2026-02-01','Contrato de compra e venda de imóvel residencial.'),
(132,NULL,'2026-02-03','Contrato de compra e venda de imóvel residencial.'),
(133,NULL,'2026-02-05','Contrato de compra e venda de imóvel comercial.'),
(134,NULL,'2026-02-07','Contrato de compra e venda com pagamento parcelado.'),
(135,NULL,'2026-02-10','Contrato de compra e venda de imóvel residencial.'),
(136,NULL,'2026-02-12','Contrato de compra e venda de imóvel residencial.'),
(137,NULL,'2026-02-15','Contrato de compra e venda de imóvel comercial.'),
(138,NULL,'2026-02-18','Contrato de compra e venda com financiamento bancário.'),
(139,NULL,'2026-02-20','Contrato de compra e venda de imóvel residencial.'),
(140,NULL,'2026-02-22','Contrato de compra e venda de imóvel comercial.'),
(141,NULL,'2026-03-01','Contrato de compra e venda de imóvel residencial.'),
(142,NULL,'2026-03-03','Contrato de compra e venda de imóvel residencial.'),
(143,NULL,'2026-03-05','Contrato de compra e venda de imóvel comercial.'),
(144,NULL,'2026-03-07','Contrato de compra e venda com pagamento à vista.'),
(145,NULL,'2026-03-10','Contrato de compra e venda de imóvel residencial.'),
(146,NULL,'2026-03-12','Contrato de compra e venda com financiamento bancário.'),
(147,NULL,'2026-03-15','Contrato de compra e venda de imóvel residencial.'),
(148,NULL,'2026-03-18','Contrato de compra e venda de imóvel residencial.'),
(149,NULL,'2026-03-20','Contrato de compra e venda de imóvel comercial.'),
(150,NULL,'2026-03-22','Contrato de compra e venda de imóvel residencial.'),
(151,NULL,'2026-04-01','Contrato de compra e venda de imóvel residencial.'),
(152,NULL,'2026-04-03','Contrato de compra e venda de imóvel residencial.'),
(153,NULL,'2026-04-05','Contrato de compra e venda de imóvel comercial.'),
(154,NULL,'2026-04-07','Contrato de compra e venda com pagamento à vista.'),
(155,NULL,'2026-04-10','Contrato de compra e venda com financiamento bancário.'),
(156,NULL,'2026-04-12','Contrato de compra e venda de imóvel residencial.'),
(157,NULL,'2026-04-15','Contrato de compra e venda de imóvel comercial.'),
(158,NULL,'2026-04-18','Contrato de compra e venda de imóvel residencial.'),
(159,NULL,'2026-04-20','Contrato de compra e venda de imóvel residencial.'),
(160,NULL,'2026-04-22','Contrato de compra e venda com financiamento.'),
(161,NULL,'2026-05-01','Contrato de compra e venda de imóvel residencial.'),
(162,NULL,'2026-05-03','Contrato de compra e venda de imóvel residencial.'),
(163,NULL,'2026-05-05','Contrato de compra e venda de imóvel comercial.'),
(164,NULL,'2026-05-07','Contrato de compra e venda com pagamento parcelado.'),
(165,NULL,'2026-05-10','Contrato de compra e venda de imóvel residencial.'),
(166,NULL,'2026-05-12','Contrato de compra e venda de imóvel residencial.'),
(167,NULL,'2026-05-15','Contrato de compra e venda de imóvel comercial.'),
(168,NULL,'2026-05-18','Contrato de compra e venda com financiamento bancário.'),
(169,NULL,'2026-05-20','Contrato de compra e venda de imóvel residencial.'),
(170,NULL,'2026-05-22','Contrato de compra e venda de imóvel comercial.'),
(171,NULL,'2026-06-01','Contrato de compra e venda de imóvel residencial.'),
(172,NULL,'2026-06-03','Contrato de compra e venda de imóvel residencial.'),
(173,NULL,'2026-06-05','Contrato de compra e venda de imóvel comercial.'),
(174,NULL,'2026-06-07','Contrato de compra e venda com pagamento à vista.'),
(175,NULL,'2026-06-10','Contrato de compra e venda com financiamento bancário.'),
(176,NULL,'2026-06-12','Contrato de compra e venda de imóvel residencial.'),
(177,NULL,'2026-06-15','Contrato de compra e venda de imóvel comercial.'),
(178,NULL,'2026-06-18','Contrato de compra e venda de imóvel residencial.'),
(179,NULL,'2026-06-20','Contrato de compra e venda de imóvel residencial.'),
(180,NULL,'2026-06-22','Contrato de compra e venda com financiamento.'),
(181,NULL,'2026-07-01','Contrato de compra e venda de imóvel residencial.'),
(182,NULL,'2026-07-03','Contrato de compra e venda de imóvel residencial.'),
(183,NULL,'2026-07-05','Contrato de compra e venda de imóvel comercial.'),
(184,NULL,'2026-07-07','Contrato de compra e venda com pagamento parcelado.'),
(185,NULL,'2026-07-10','Contrato de compra e venda de imóvel residencial.'),
(186,NULL,'2026-07-12','Contrato de compra e venda de imóvel residencial.'),
(187,NULL,'2026-07-15','Contrato de compra e venda de imóvel comercial.'),
(188,NULL,'2026-07-18','Contrato de compra e venda com financiamento bancário.'),
(189,NULL,'2026-07-20','Contrato de compra e venda de imóvel residencial.'),
(190,NULL,'2026-07-22','Contrato de compra e venda de imóvel comercial.'),
(191,NULL,'2026-08-01','Contrato de compra e venda de imóvel residencial.'),
(192,NULL,'2026-08-03','Contrato de compra e venda de imóvel residencial.'),
(193,NULL,'2026-08-05','Contrato de compra e venda de imóvel comercial.'),
(194,NULL,'2026-08-07','Contrato de compra e venda com pagamento à vista.'),
(195,NULL,'2026-08-10','Contrato de compra e venda com financiamento bancário.'),
(196,NULL,'2026-08-12','Contrato de compra e venda de imóvel residencial.'),
(197,NULL,'2026-08-15','Contrato de compra e venda de imóvel comercial.'),
(198,NULL,'2026-08-18','Contrato de compra e venda de imóvel residencial.'),
(199,NULL,'2026-08-20','Contrato de compra e venda de imóvel residencial.'),
(200,NULL,'2026-08-22','Contrato de compra e venda com financiamento.');


-- PAGAMENTO
INSERT INTO Pagamento (id_contrato, valor_pago, data_pagamento, forma_pagamento) VALUES
(1,1800.00,'2025-01-10','Pix'),
(2,1950.00,'2025-01-13','Cartão de Crédito'),
(3,2100.00,'2025-01-15','Boleto'),
(4,1750.00,'2025-01-17','Transferência Bancária'),
(5,2250.00,'2025-01-20','Pix'),
(6,2400.00,'2025-01-23','Dinheiro'),
(7,1850.00,'2025-01-25','Cartão de Débito'),
(8,2000.00,'2025-01-27','Pix'),
(9,2150.00,'2025-01-30','Boleto'),
(10,2500.00,'2025-02-01','Transferência Bancária'),
(11,1700.00,'2025-02-06','Pix'),
(12,2050.00,'2025-02-08','Cartão de Crédito'),
(13,2200.00,'2025-02-10','Boleto'),
(14,2600.00,'2025-02-12','Pix'),
(15,1950.00,'2025-02-15','Transferência Bancária'),
(16,2300.00,'2025-02-18','Dinheiro'),
(17,2100.00,'2025-02-21','Cartão de Débito'),
(18,2450.00,'2025-02-23','Pix'),
(19,2800.00,'2025-02-25','Boleto'),
(20,1750.00,'2025-02-27','Transferência Bancária'),
(21,1900.00,'2025-03-06','Pix'),
(22,2050.00,'2025-03-08','Cartão de Crédito'),
(23,2350.00,'2025-03-10','Boleto'),
(24,2500.00,'2025-03-12','Pix'),
(25,2700.00,'2025-03-15','Transferência Bancária'),
(26,1800.00,'2025-03-18','Dinheiro'),
(27,1950.00,'2025-03-20','Cartão de Débito'),
(28,2150.00,'2025-03-22','Pix'),
(29,2400.00,'2025-03-25','Boleto'),
(30,2600.00,'2025-03-27','Transferência Bancária'),
(31,1750.00,'2025-04-05','Pix'),
(32,2100.00,'2025-04-07','Cartão de Crédito'),
(33,2250.00,'2025-04-10','Boleto'),
(34,2450.00,'2025-04-12','Pix'),
(35,2650.00,'2025-04-15','Transferência Bancária'),
(36,1850.00,'2025-04-18','Dinheiro'),
(37,2050.00,'2025-04-20','Cartão de Débito'),
(38,2200.00,'2025-04-22','Pix'),
(39,2550.00,'2025-04-25','Boleto'),
(40,2750.00,'2025-04-27','Transferência Bancária'),
(41,1900.00,'2025-05-05','Pix'),
(42,2150.00,'2025-05-07','Cartão de Crédito'),
(43,2300.00,'2025-05-10','Boleto'),
(44,2450.00,'2025-05-12','Pix'),
(45,2650.00,'2025-05-15','Transferência Bancária'),
(46,1800.00,'2025-05-18','Dinheiro'),
(47,2050.00,'2025-05-20','Cartão de Débito'),
(48,2250.00,'2025-05-22','Pix'),
(49,2400.00,'2025-05-25','Boleto'),
(50,2600.00,'2025-05-27','Transferência Bancária'),
(51,1850.00,'2025-06-06','Pix'),
(52,2100.00,'2025-06-08','Cartão de Crédito'),
(53,2250.00,'2025-06-10','Boleto'),
(54,2450.00,'2025-06-12','Transferência Bancária'),
(55,2650.00,'2025-06-15','Pix'),
(56,1950.00,'2025-06-18','Dinheiro'),
(57,2150.00,'2025-06-20','Cartão de Débito'),
(58,2350.00,'2025-06-22','Pix'),
(59,2550.00,'2025-06-25','Boleto'),
(60,2750.00,'2025-06-27','Transferência Bancária'),
(61,1800.00,'2025-07-06','Pix'),
(62,2050.00,'2025-07-08','Cartão de Crédito'),
(63,2200.00,'2025-07-10','Boleto'),
(64,2400.00,'2025-07-12','Transferência Bancária'),
(65,2600.00,'2025-07-15','Pix'),
(66,1900.00,'2025-07-18','Dinheiro'),
(67,2100.00,'2025-07-20','Cartão de Débito'),
(68,2300.00,'2025-07-22','Pix'),
(69,2500.00,'2025-07-25','Boleto'),
(70,2700.00,'2025-07-27','Transferência Bancária'),
(71,1850.00,'2025-08-06','Pix'),
(72,2050.00,'2025-08-08','Cartão de Crédito'),
(73,2250.00,'2025-08-10','Boleto'),
(74,2450.00,'2025-08-12','Transferência Bancária'),
(75,2650.00,'2025-08-15','Pix'),
(76,1950.00,'2025-08-18','Dinheiro'),
(77,2150.00,'2025-08-20','Cartão de Débito'),
(78,2350.00,'2025-08-22','Pix'),
(79,2550.00,'2025-08-25','Boleto'),
(80,2750.00,'2025-08-27','Transferência Bancária'),
(81,1800.00,'2025-09-06','Pix'),
(82,2000.00,'2025-09-08','Cartão de Crédito'),
(83,2200.00,'2025-09-10','Boleto'),
(84,2400.00,'2025-09-12','Transferência Bancária'),
(85,2600.00,'2025-09-15','Pix'),
(86,1900.00,'2025-09-18','Dinheiro'),
(87,2100.00,'2025-09-20','Cartão de Débito'),
(88,2300.00,'2025-09-22','Pix'),
(89,2500.00,'2025-09-25','Boleto'),
(90,2700.00,'2025-09-27','Transferência Bancária'),
(91,1850.00,'2025-10-06','Pix'),
(92,2050.00,'2025-10-08','Cartão de Crédito'),
(93,2250.00,'2025-10-10','Boleto'),
(94,2450.00,'2025-10-12','Transferência Bancária'),
(95,2650.00,'2025-10-15','Pix'),
(96,1950.00,'2025-10-18','Dinheiro'),
(97,2150.00,'2025-10-20','Cartão de Débito'),
(98,2350.00,'2025-10-22','Pix'),
(99,2550.00,'2025-10-25','Boleto'),
(100,2750.00,'2025-10-27','Transferência Bancária'),
(101,1800.00,'2025-11-06','Pix'),
(102,2000.00,'2025-11-08','Cartão de Crédito'),
(103,2200.00,'2025-11-10','Boleto'),
(104,2400.00,'2025-11-12','Transferência Bancária'),
(105,2600.00,'2025-11-15','Pix'),
(106,1950.00,'2025-11-18','Dinheiro'),
(107,2150.00,'2025-11-20','Cartão de Débito'),
(108,2350.00,'2025-11-22','Pix'),
(109,2550.00,'2025-11-25','Boleto'),
(110,2750.00,'2025-11-27','Transferência Bancária'),
(111,1850.00,'2025-12-06','Pix'),
(112,2050.00,'2025-12-08','Cartão de Crédito'),
(113,2250.00,'2025-12-10','Boleto'),
(114,2450.00,'2025-12-12','Transferência Bancária'),
(115,2650.00,'2025-12-15','Pix'),
(116,1900.00,'2025-12-18','Dinheiro'),
(117,2100.00,'2025-12-20','Cartão de Débito'),
(118,2300.00,'2025-12-22','Pix'),
(119,2500.00,'2025-12-25','Boleto'),
(120,2700.00,'2025-12-27','Transferência Bancária'),
(121,1800.00,'2026-01-06','Pix'),
(122,2000.00,'2026-01-08','Cartão de Crédito'),
(123,2200.00,'2026-01-10','Boleto'),
(124,2400.00,'2026-01-12','Transferência Bancária'),
(125,2600.00,'2026-01-15','Pix'),
(126,1950.00,'2026-01-18','Dinheiro'),
(127,2150.00,'2026-01-20','Cartão de Débito'),
(128,2350.00,'2026-01-22','Pix'),
(129,2550.00,'2026-01-25','Boleto'),
(130,2750.00,'2026-01-27','Transferência Bancária'),
(131,1850.00,'2026-02-06','Pix'),
(132,2050.00,'2026-02-08','Cartão de Crédito'),
(133,2250.00,'2026-02-10','Boleto'),
(134,2450.00,'2026-02-12','Transferência Bancária'),
(135,2650.00,'2026-02-15','Pix'),
(136,1900.00,'2026-02-18','Dinheiro'),
(137,2100.00,'2026-02-20','Cartão de Débito'),
(138,2300.00,'2026-02-22','Pix'),
(139,2500.00,'2026-02-25','Boleto'),
(140,2700.00,'2026-02-27','Transferência Bancária'),
(141,1800.00,'2026-03-06','Pix'),
(142,2000.00,'2026-03-08','Cartão de Crédito'),
(143,2200.00,'2026-03-10','Boleto'),
(144,2400.00,'2026-03-12','Transferência Bancária'),
(145,2600.00,'2026-03-15','Pix'),
(146,1950.00,'2026-03-18','Dinheiro'),
(147,2150.00,'2026-03-20','Cartão de Débito'),
(148,2350.00,'2026-03-22','Pix'),
(149,2550.00,'2026-03-25','Boleto'),
(150,2750.00,'2026-03-27','Transferência Bancária'),
(151,1850.00,'2026-04-06','Pix'),
(152,2050.00,'2026-04-08','Cartão de Crédito'),
(153,2250.00,'2026-04-10','Boleto'),
(154,2450.00,'2026-04-12','Transferência Bancária'),
(155,2650.00,'2026-04-15','Pix'),
(156,1900.00,'2026-04-18','Dinheiro'),
(157,2100.00,'2026-04-20','Cartão de Débito'),
(158,2300.00,'2026-04-22','Pix'),
(159,2500.00,'2026-04-25','Boleto'),
(160,2700.00,'2026-04-27','Transferência Bancária'),
(161,1800.00,'2026-05-06','Pix'),
(162,2000.00,'2026-05-08','Cartão de Crédito'),
(163,2200.00,'2026-05-10','Boleto'),
(164,2400.00,'2026-05-12','Transferência Bancária'),
(165,2600.00,'2026-05-15','Pix'),
(166,1950.00,'2026-05-18','Dinheiro'),
(167,2150.00,'2026-05-20','Cartão de Débito'),
(168,2350.00,'2026-05-22','Pix'),
(169,2550.00,'2026-05-25','Boleto'),
(170,2750.00,'2026-05-27','Transferência Bancária'),
(171,1850.00,'2026-06-06','Pix'),
(172,2050.00,'2026-06-08','Cartão de Crédito'),
(173,2250.00,'2026-06-10','Boleto'),
(174,2450.00,'2026-06-12','Transferência Bancária'),
(175,2650.00,'2026-06-15','Pix'),
(176,1900.00,'2026-06-18','Dinheiro'),
(177,2100.00,'2026-06-20','Cartão de Débito'),
(178,2300.00,'2026-06-22','Pix'),
(179,2500.00,'2026-06-25','Boleto'),
(180,2700.00,'2026-06-27','Transferência Bancária'),
(181,1800.00,'2026-07-06','Pix'),
(182,2000.00,'2026-07-08','Cartão de Crédito'),
(183,2200.00,'2026-07-10','Boleto'),
(184,2400.00,'2026-07-12','Transferência Bancária'),
(185,2600.00,'2026-07-15','Pix'),
(186,1950.00,'2026-07-18','Dinheiro'),
(187,2150.00,'2026-07-20','Cartão de Débito'),
(188,2350.00,'2026-07-22','Pix'),
(189,2550.00,'2026-07-25','Boleto'),
(190,2750.00,'2026-07-27','Transferência Bancária'),
(191,1850.00,'2026-08-06','Pix'),
(192,2050.00,'2026-08-08','Cartão de Crédito'),
(193,2250.00,'2026-08-10','Boleto'),
(194,2450.00,'2026-08-12','Transferência Bancária'),
(195,2650.00,'2026-08-15','Pix'),
(196,1900.00,'2026-08-18','Dinheiro'),
(197,2100.00,'2026-08-20','Cartão de Débito'),
(198,2300.00,'2026-08-22','Pix'),
(199,2500.00,'2026-08-25','Boleto'),
(200,2700.00,'2026-08-27','Transferência Bancária');


-- IMOVELDOCUMENTO
INSERT INTO ImovelDocumento (id_imovel, id_documento, data_arquivamento) VALUES
(1, 1, '2024-01-02'),
(2, 2, '2024-01-04'),
(3, 3, '2024-01-06'),
(4, 4, '2024-01-08'),
(5, 5, '2024-01-10'),
(6, 6, '2024-01-12'),
(7, 7, '2024-01-15'),
(8, 8, '2024-01-18'),
(9, 9, '2024-01-20'),
(10, 10, '2024-01-22'),
(11, 11, '2024-01-25'),
(12, 12, '2024-01-28'),
(13, 13, '2024-01-30'),
(14, 14, '2024-02-02'),
(15, 15, '2024-02-05'),
(16, 16, '2024-02-08'),
(17, 17, '2024-02-10'),
(18, 18, '2024-02-12'),
(19, 19, '2024-02-15'),
(20, 20, '2024-02-18'),
(21, 21, '2024-02-20'),
(22, 22, '2024-02-22'),
(23, 23, '2024-02-25'),
(24, 24, '2024-02-28'),
(25, 25, '2024-03-02'),
(26, 26, '2024-03-05'),
(27, 27, '2024-03-08'),
(28, 28, '2024-03-10'),
(29, 29, '2024-03-12'),
(30, 30, '2024-03-15'),
(31, 31, '2024-03-18'),
(32, 32, '2024-03-20'),
(33, 33, '2024-03-22'),
(34, 34, '2024-03-25'),
(35, 35, '2024-03-28'),
(36, 36, '2024-03-30'),
(37, 37, '2024-04-02'),
(38, 38, '2024-04-05'),
(39, 39, '2024-04-08'),
(40, 40, '2024-04-10'),
(41, 41, '2024-04-12'),
(42, 42, '2024-04-15'),
(43, 43, '2024-04-18'),
(44, 44, '2024-04-20'),
(45, 45, '2024-04-22'),
(46, 46, '2024-04-25'),
(47, 47, '2024-04-28'),
(48, 48, '2024-04-30'),
(49, 49, '2024-05-02'),
(50, 50, '2024-05-05'),
(51, 51, '2024-05-08'),
(52, 52, '2024-05-10'),
(53, 53, '2024-05-12'),
(54, 54, '2024-05-15'),
(55, 55, '2024-05-18'),
(56, 56, '2024-05-20'),
(57, 57, '2024-05-22'),
(58, 58, '2024-05-25'),
(59, 59, '2024-05-28'),
(60, 60, '2024-05-30'),
(61, 61, '2024-06-02'),
(62, 62, '2024-06-05'),
(63, 63, '2024-06-08'),
(64, 64, '2024-06-10'),
(65, 65, '2024-06-12'),
(66, 66, '2024-06-15'),
(67, 67, '2024-06-18'),
(68, 68, '2024-06-20'),
(69, 69, '2024-06-22'),
(70, 70, '2024-06-25'),
(71, 71, '2024-06-28'),
(72, 72, '2024-06-30'),
(73, 73, '2024-07-02'),
(74, 74, '2024-07-05'),
(75, 75, '2024-07-08'),
(76, 76, '2024-07-10'),
(77, 77, '2024-07-12'),
(78, 78, '2024-07-15'),
(79, 79, '2024-07-18'),
(80, 80, '2024-07-20'),
(81, 81, '2024-07-22'),
(82, 82, '2024-07-25'),
(83, 83, '2024-07-28'),
(84, 84, '2024-07-30'),
(85, 85, '2024-08-02'),
(86, 86, '2024-08-05'),
(87, 87, '2024-08-08'),
(88, 88, '2024-08-10'),
(89, 89, '2024-08-12'),
(90, 90, '2024-08-15'),
(91, 91, '2024-08-18'),
(92, 92, '2024-08-20'),
(93, 93, '2024-08-22'),
(94, 94, '2024-08-25'),
(95, 95, '2024-08-28'),
(96, 96, '2024-08-30'),
(97, 97, '2024-09-02'),
(98, 98, '2024-09-05'),
(99, 99, '2024-09-08'),
(100, 100, '2024-09-10'),
(101, 101, '2024-09-12'),
(102, 102, '2024-09-15'),
(103, 103, '2024-09-18'),
(104, 104, '2024-09-20'),
(105, 105, '2024-09-22'),
(106, 106, '2024-09-25'),
(107, 107, '2024-09-28'),
(108, 108, '2024-09-30'),
(109, 109, '2024-10-02'),
(110, 110, '2024-10-05'),
(111, 111, '2024-10-08'),
(112, 112, '2024-10-10'),
(113, 113, '2024-10-12'),
(114, 114, '2024-10-15'),
(115, 115, '2024-10-18'),
(116, 116, '2024-10-20'),
(117, 117, '2024-10-22'),
(118, 118, '2024-10-25'),
(119, 119, '2024-10-28'),
(120, 120, '2024-10-30'),
(121, 121, '2024-11-02'),
(122, 122, '2024-11-05'),
(123, 123, '2024-11-08'),
(124, 124, '2024-11-10'),
(125, 125, '2024-11-12'),
(126, 126, '2024-11-15'),
(127, 127, '2024-11-18'),
(128, 128, '2024-11-20'),
(129, 129, '2024-11-22'),
(130, 130, '2024-11-25'),
(131, 131, '2024-11-28'),
(132, 132, '2024-11-30'),
(133, 133, '2024-12-02'),
(134, 134, '2024-12-05'),
(135, 135, '2024-12-08'),
(136, 136, '2024-12-10'),
(137, 137, '2024-12-12'),
(138, 138, '2024-12-15'),
(139, 139, '2024-12-18'),
(140, 140, '2024-12-20'),
(141, 141, '2024-12-22'),
(142, 142, '2024-12-25'),
(143, 143, '2024-12-28'),
(144, 144, '2024-12-30'),
(145, 145, '2025-01-02'),
(146, 146, '2025-01-05'),
(147, 147, '2025-01-08'),
(148, 148, '2025-01-10'),
(149, 149, '2025-01-12'),
(150, 150, '2025-01-15'),
(151, 151, '2025-01-18'),
(152, 152, '2025-01-20'),
(153, 153, '2025-01-22'),
(154, 154, '2025-01-25'),
(155, 155, '2025-01-28'),
(156, 156, '2025-01-30'),
(157, 157, '2025-02-02'),
(158, 158, '2025-02-05'),
(159, 159, '2025-02-08'),
(160, 160, '2025-02-10'),
(161, 161, '2025-02-12'),
(162, 162, '2025-02-15'),
(163, 163, '2025-02-18'),
(164, 164, '2025-02-20'),
(165, 165, '2025-02-22'),
(166, 166, '2025-02-25'),
(167, 167, '2025-02-28'),
(168, 168, '2025-03-02'),
(169, 169, '2025-03-05'),
(170, 170, '2025-03-08'),
(171, 171, '2025-03-10'),
(172, 172, '2025-03-12'),
(173, 173, '2025-03-15'),
(174, 174, '2025-03-18'),
(175, 175, '2025-03-20'),
(176, 176, '2025-03-22'),
(177, 177, '2025-03-25'),
(178, 178, '2025-03-28'),
(179, 179, '2025-03-30'),
(180, 180, '2025-04-02'),
(181, 181, '2025-04-05'),
(182, 182, '2025-04-08'),
(183, 183, '2025-04-10'),
(184, 184, '2025-04-12'),
(185, 185, '2025-04-15'),
(186, 186, '2025-04-18'),
(187, 187, '2025-04-20'),
(188, 188, '2025-04-22'),
(189, 189, '2025-04-25'),
(190, 190, '2025-04-28'),
(191, 191, '2025-04-30'),
(192, 192, '2025-05-02'),
(193, 193, '2025-05-05'),
(194, 194, '2025-05-08'),
(195, 195, '2025-05-10'),
(196, 196, '2025-05-12'),
(197, 197, '2025-05-15'),
(198, 198, '2025-05-18'),
(199, 199, '2025-05-20'),
(200, 200, '2025-05-22');


-- ANUNCIO
INSERT INTO Anuncio (id_imovel, titulo, descricao, data_publicacao) VALUES
(1, 'Lindo Apartamento no Centro', 'Excelente apartamento com 2 quartos, varanda e vaga de garagem no centro da cidade.', '2023-11-01'),
(2, 'Casa com 3 Suítes e Piscina', 'Ampla casa em condomínio fechado, área de lazer completa e segurança 24h.', '2023-11-02'),
(3, 'Kitnet Próxima à Universidade', 'Ideal para estudantes, bem iluminada e próxima ao transporte público.', '2023-11-03'),
(4, 'Cobertura Duplex com Vista Mar', 'Cobertura de alto padrão, deck de madeira, jacuzzi e vista panorâmica.', '2023-11-04'),
(5, 'Apartamento 3 Quartos - Oportunidade', 'Apartamento espaçoso, andar alto, sol da manhã, armários embutidos.', '2023-11-05'),
(6, 'Mansão em Condomínio Exclusivo', 'Design moderno, 5 suítes, cinema em casa, piscina com borda infinita.', '2023-11-06'),
(7, 'Terreno Residencial Pronto para Construir', 'Lote plano de 300m² em bairro planejado e com infraestrutura completa.', '2023-11-07'),
(8, 'Casa Geminada em Bairro Tranquilo', '2 quartos, sala conjugada com cozinha, pequeno quintal aos fundos.', '2023-11-08'),
(9, 'Apartamento Térreo com Garden', 'Perfeito para quem tem pets. Amplo espaço externo privativo.', '2023-11-09'),
(10, 'Sala Comercial no Coração Comercial', 'Sala de 40m², andar intermediário, prédio com elevador e portaria.', '2023-11-10'),
(11, 'Fazenda Produtiva na Região Sul', 'Linda fazenda com nascente, casa sede reformada e terra fértil para plantio.', '2023-11-11'),
(12, 'Galpão Logístico Amplo', 'Ideal para centro de distribuição. Pé direito de 12m e docas.', '2023-11-12'),
(13, 'Loja de Rua com Grande Fluxo', 'Excelente ponto comercial em avenida movimentada, vitrine grande.', '2023-11-13'),
(14, 'Sítio de Lazer Arborizado', 'Refúgio na natureza, pomar formado, lago e casa rústica aconchegante.', '2023-11-14'),
(15, 'Apartamento Mobiliado para Locação', 'Pronto para morar, móveis planejados, eletrodomésticos inclusos.', '2023-11-15'),
(16, 'Casa de Vila Charme e Segurança', 'Vila fechada, apenas 10 casas, ambiente familiar e muito calmo.', '2023-11-16'),
(17, 'Loteamento Fechado - Últimas Unidades', 'Adquira seu terreno com condições especiais de financiamento direto.', '2023-11-17'),
(18, 'Ponto Comercial Já Montado', 'Restaurante completo, com equipamentos e clientela formada. Passa-se o ponto.', '2023-11-18'),
(19, 'Studio Moderno e Compacto', 'Conceito aberto, prédio com academia, coworking e lavanderia OMO.', '2023-11-19'),
(20, 'Casa de Campo em Região Serrana', 'Clima frio, lareira, 4 quartos, ideal para finais de semana em família.', '2023-11-20'),
(21, 'Apartamento Padrão - Bairro Residencial', '3 quartos sendo 1 suíte, sala para 2 ambientes, sacada e 2 vagas.', '2023-11-21'),
(22, 'Sobrado Recém Construído', 'Acabamento de primeira, porcelanato, escada em granito, 3 banheiros.', '2023-11-22'),
(23, 'Terreno Comercial de Esquina', 'Visibilidade excelente, 500m², ideal para farmácias ou conveniências.', '2023-11-23'),
(24, 'Chácara com Área de Churrasco', 'Piscina aquecida, campo de futebol, salão de festas completo.', '2023-11-24'),
(25, 'Apartamento Vista Livre - 15º Andar', 'Ventilação natural, sem vizinhos de frente, total privacidade.', '2023-11-25'),
(26, 'Prédio Comercial Monousuário', 'Perfeito para sedes corporativas, 10 andares, garagem subterrânea.', '2023-11-26'),
(27, 'Terreno em Declive com Vista', 'Ótimo para projeto arquitetônico arrojado, vista definitiva para o vale.', '2023-11-27'),
(28, 'Casa Térrea para Idosos', 'Totalmente acessível, sem escadas, portas largas, banheiros adaptados.', '2023-11-28'),
(29, 'Flat Executivo Perto de Aeroporto', 'Serviço de quarto, arrumação diária, excelente rentabilidade para pool.', '2023-11-29'),
(30, 'Área para Loteamento ou Incorporação', '50.000m² em zona de expansão urbana, diretrizes pré-aprovadas.', '2023-11-30'),
(31, 'Apartamento 2 Quartos - Lançamento', 'Compre na planta e pague parcelado até a entrega das chaves.', '2023-12-01'),
(32, 'Casa Independente no Subúrbio', 'Cômodos grandes, quintal cimentado, garagem coberta para 3 carros.', '2023-12-02'),
(33, 'Sítio para Criação de Animais', 'Pasto formado, curral, baias para cavalos e nascente de água.', '2023-12-03'),
(34, 'Loja em Shopping Center', 'Repasse de luvas, no corredor principal, excelente vitrine.', '2023-12-04'),
(35, 'Apartamento Alto Padrão - 4 Suítes', 'Um por andar, hall privativo, varanda gourmet integrada à cozinha.', '2023-12-05'),
(36, 'Terreno Industrial em Eixo Viário', 'Fácil acesso a rodovias, ideal para fábricas e centros logísticos.', '2023-12-06'),
(37, 'Casa de Praia a 100m do Mar', 'Aconchegante, varanda com redes, churrasqueira e ducha externa.', '2023-12-07'),
(38, 'Pousada em Funcionamento', 'Localizada em polo turístico, 15 chalés, faturamento comprovado.', '2023-12-08'),
(39, 'Apartamento Reformado no Estilo Industrial', 'Paredes de tijolinho, conduítes aparentes, iluminação em trilhos.', '2023-12-09'),
(40, 'Terreno de Esquina em Condomínio', 'Um dos melhores lotes do empreendimento, posição nascente.', '2023-12-10'),
(41, 'Sala de Reuniões em Coworking', 'Venda de cota de propriedade, excelente para renda passiva.', '2023-12-11'),
(42, 'Casa Antiga para Restauro', 'Casarão de época no centro histórico, ideal para centro cultural ou bistrô.', '2023-12-12'),
(43, 'Galpão Frigorífico', 'Câmaras frias em funcionamento, pátio para manobra de carretas.', '2023-12-13'),
(44, 'Loft Moderno Centro da Cidade', 'Design inovador, pé direito duplo, quarto no mezanino.', '2023-12-14'),
(45, 'Apartamento Popular - Minha Casa Minha Vida', 'Subsidio do governo, parcelas menores que o aluguel, use seu FGTS.', '2023-12-15'),
(46, 'Ilha Particular à Venda', 'Privacidade total, casa de apoio, energia solar e píer para barcos.', '2023-12-16'),
(47, 'Cobertura Penthouse Espaçosa', 'Sem vizinhos, vista 360 graus da cidade, piscina aquecida.', '2023-12-17'),
(48, 'Lote Misto (Residencial/Comercial)', 'Na principal avenida do bairro, excelente para prédio misto.', '2023-12-18'),
(49, 'Casa Ecológica Sustentável', 'Captação de água da chuva, energia solar, materiais de demolição.', '2023-12-19'),
(50, 'Box em Mercado Municipal', 'Raridade! Box bem posicionado, forte fluxo de turistas e moradores.', '2023-12-20'),
(51, 'Apartamento Novo na Beira-Mar', 'Varanda espaçosa, vista para o oceano, prédio com infra de resort.', '2023-12-21'),
(52, 'Sobrado em Condomínio Fechado', 'Segurança, área verde, 3 quartos, ideal para famílias.', '2023-12-22'),
(53, 'Terreno para Construção Própria', 'Ótima oportunidade, bairro em expansão, lote de 350m².', '2023-12-23'),
(54, 'Sala Comercial Perto do Fórum', 'Ideal para escritórios de advocacia, 50m², vaga rotativa.', '2023-12-24'),
(55, 'Apartamento de 1 Quarto Central', 'Compacto e prático, ao lado da estação de metrô e supermercados.', '2023-12-25'),
(56, 'Chácara para Eventos e Retiros', 'Estrutura completa com alojamentos, cozinha industrial e salão de festas.', '2023-12-26'),
(57, 'Casa de Vila em Bairro Nobre', 'Rua fechada com portão, silêncio e tranquilidade no meio da cidade.', '2023-12-27'),
(58, 'Prédio Inteiro para Retrofit', 'Excelente para investidores, 5 andares livres para modernização.', '2023-12-28'),
(59, 'Lote em Condomínio de Luxo', 'Terreno com 1.000m², clube privativo, quadras de tênis e lago.', '2023-12-29'),
(60, 'Loja com Mezanino', 'Ponto estratégico, 120m² totais, duas vitrines amplas.', '2023-12-30'),
(61, 'Apartamento Duplex Compacto', 'Design inteligente, ambientes integrados, varanda com churrasqueira.', '2023-12-31'),
(62, 'Fazenda para Agricultura de Precisão', 'Solo corrigido, áreas planas, infraestrutura para maquinário pesado.', '2024-01-01'),
(63, 'Casa com Amplo Quintal', 'Perfeita para quem ama jardinagem e tem animais de estimação.', '2024-01-02'),
(64, 'Sala Comercial em Prédio Empresarial', 'Recepção no térreo, controle de catracas e auditório para uso comum.', '2024-01-03'),
(65, 'Kitnet Mobiliada para Aluguel Rápido', 'Prédio seguro, lavanderia coletiva, próximo ao hospital universitário.', '2024-01-04'),
(66, 'Cobertura com Deck e Piscina Privativa', 'Espaço gourmet maravilhoso, vista para a serra, 3 vagas.', '2024-01-05'),
(67, 'Lote Comercial de Esquina', 'Visibilidade máxima, ideal para postos de combustível ou supermercado.', '2024-01-06'),
(68, 'Sítio Aconchegante Próximo à Cidade', 'Fácil acesso, estrada asfaltada quase até a porta, internet fibra ótica.', '2024-01-07'),
(69, 'Apartamento com Suíte e Varanda', 'Andar alto, piso laminado, condomínio com piscina e salão de jogos.', '2024-01-08'),
(70, 'Galpão em Polo Industrial', 'Docas cobertas, pátio asfaltado, guarita blindada, fácil acesso a rodovias.', '2024-01-09'),
(71, 'Casa Histórica Reformada', 'Fachada tombada e restaurada, interior moderno, ideal para clínica ou escritório.', '2024-01-10'),
(72, 'Terreno Rural com Mata Nativa', 'Ideal para compensação ambiental ou projeto ecológico, 20 hectares.', '2024-01-11'),
(73, 'Pousada Pé na Areia', 'Negócio montado e rentável, 12 suítes climatizadas de frente para o mar.', '2024-01-12'),
(74, 'Apartamento de Alto Padrão - 4 Vagas', 'Condomínio clube, spa, quadra de squash, academia profissional.', '2024-01-13'),
(75, 'Terreno Plano Residencial', 'Pronto para iniciar obra, rua arborizada e asfaltada, bairro consolidado.', '2024-01-14'),
(76, 'Loja Frontal em Shopping de Bairro', 'Maior visibilidade do mall, próximo à praça de alimentação.', '2024-01-15'),
(77, 'Studio Perfeito para Investimento (Airbnb)', 'Rentabilidade alta, decoração moderna, fechadura eletrônica.', '2024-01-16'),
(78, 'Chácara com Lagoa Privativa', 'Local dos sonhos, ideal para pescaria, chalé rústico, muita paz.', '2024-01-17'),
(79, 'Apartamento 2 Quartos Sem Condomínio', 'Prédio baixo, baixo custo mensal, taxa de limpeza apenas.', '2024-01-18'),
(80, 'Casa de Condomínio com Clube', 'Excelente infraestrutura, ronda 24h, academia, salão de festas e quadras.', '2024-01-19'),
(81, 'Sala Comercial Dupla Interligada', 'Ideal para empresas em crescimento, 80m², 2 banheiros e 2 vagas.', '2024-01-20'),
(82, 'Lote Padrão em Bairro Novo', 'Melhor preço da região, infraestrutura sendo finalizada, grande valorização.', '2024-01-21'),
(83, 'Sobrado Geminado de Alto Padrão', 'Acabamento premium, churrasqueira no fundo, suíte com closet.', '2024-01-22'),
(84, 'Fazenda Histórica do Ciclo do Café', 'Casarão antigo belíssimo, capela, senzala, grande potencial turístico.', '2024-01-23'),
(85, 'Apartamento 3 Dormitórios com Lazer', 'Condomínio com pista de caminhada, bosque privativo e pet place.', '2024-01-24'),
(86, 'Loja com Pé Direito Duplo', 'Excelente para instalação de mezanino, frente de vidro, fachada imponente.', '2024-01-25'),
(87, 'Galpão Metálico Novo', 'Cobertura com isolamento térmico, piso de alta resistência, 1.000m².', '2024-01-26'),
(88, 'Terreno em Declive Suave', 'Excelente para projeto de casa com pavimentos escalonados.', '2024-01-27'),
(89, 'Apartamento Studio Térreo', 'Sem lances de escada, prático e objetivo, móveis planejados novos.', '2024-01-28'),
(90, 'Casa com Arquitetura Contemporânea', 'Conceito aberto, muito vidro, integração total com área verde.', '2024-01-29'),
(91, 'Sítio Produtivo com Pomar', 'Dezenas de árvores frutíferas em produção, terra fértil e água em abundância.', '2024-01-30'),
(92, 'Cobertura Linear Ampla', 'Rara oportunidade, todo o espaço em um único andar, varandão circulando o apartamento.', '2024-01-31'),
(93, 'Sala Pronta em Centro Médico', 'Instalações adequadas pela Anvisa, lavatório, espera e recepção montadas.', '2024-02-01'),
(94, 'Casa Térrea em Bairro Planejado', 'Conforto e segurança sem taxa de condomínio, praças com lazer no bairro.', '2024-02-02'),
(95, 'Lote em Condomínio Náutico', 'Acesso direto à represa, rampa para lanchas, marina privativa.', '2024-02-03'),
(96, 'Apartamento 2 Suítes com Automação', 'Cortinas, ar-condicionado e luzes controlados por voz, fechadura digital.', '2024-02-04'),
(97, 'Loja em Galeria Fechada', 'Segurança noturna, fluxo contínuo de pessoas durante o dia, bairro nobre.', '2024-02-05'),
(98, 'Fazenda para Pecuária', 'Pastagens formadas, bebedouros, cercas novas, capacidade para mil cabeças.', '2024-02-06'),
(99, 'Kitnet Reformada e Equipada', 'Cooktop, geladeira, microondas e cama inclusos, só entrar e morar.', '2024-02-07'),
(100, 'Casa Clássica de Luxo', 'Fachada imponente, mármore importado, escadaria suntuosa, 6 vagas soltas.', '2024-02-08'),
(101, 'Terreno de Fundo com Vista', 'O declive proporciona uma vista espetacular para o parque natural.', '2024-02-09'),
(102, 'Sala Comercial em Prédio Histórico', 'Charme e elegância, janelas de madeira grandes, piso de taco original.', '2024-02-10'),
(103, 'Apartamento com Sacada Gourmet', 'Churrasqueira a carvão na varanda, fechamento em vidro tipo reiki.', '2024-02-11'),
(104, 'Galpão Comercial Modular', 'Pode ser alugado fracionado, docas independentes, portaria com eclusa.', '2024-02-12'),
(105, 'Sítio com Cachoeira Privativa', 'Paraíso na terra! Água limpa, trilhas e muita privacidade na natureza.', '2024-02-13'),
(106, 'Loja para Franquias e Fast Food', 'Ponto aprovado pelas maiores redes, extração de ar instalada.', '2024-02-14'),
(107, 'Casa Mista (Madeira e Alvenaria)', 'Estilo charmoso, excelente durabilidade, aconchegante no inverno e fresca no verão.', '2024-02-15'),
(108, 'Terreno para Galpão Logístico', 'Terraplanagem pronta, estudos ambientais aprovados, às margens da BR.', '2024-02-16'),
(109, 'Apartamento Giardino (Térreo com Quintal)', 'O conforto de casa com a segurança de apartamento, área com churrasqueira.', '2024-02-17'),
(110, 'Cobertura Duplex Modificada', 'Projeto de interiores premiado, cozinha estilo ilha, terraço com lareira ecológica.', '2024-02-18'),
(111, 'Casa Rústica em Bairro Afastado', 'Ideal para quem busca sossego e vida simples, sem abrir mão de energia e internet.', '2024-02-19'),
(112, 'Sala de Reunião Individual', 'Pequena sala em prédio corporativo, ideal para psicólogos ou terapias.', '2024-02-20'),
(113, 'Lote Comercial com Frente Larga', '20 metros de frente, excelente para showroom ou concessionária de veículos.', '2024-02-21'),
(114, 'Fazenda Produtora de Soja', 'Solo preparado, histórico de alta produtividade, barracão para implementos.', '2024-02-22'),
(115, 'Apartamento Estilo Clássico', 'Prédio icônico, ambientes super espaçosos que não se constroem mais.', '2024-02-23'),
(116, 'Galpão para Oficina Mecânica', 'Valas, fosso de óleo, pé direito alto para elevadores automotivos, piso de concreto reforçado.', '2024-02-24'),
(117, 'Chácara em Condomínio Rural', 'Lotes de 5000m², portaria, padrão de construção, a apenas 30 minutos do centro.', '2024-02-25'),
(118, 'Loja de Esquina com Estacionamento', 'Recuo para até 8 carros de clientes, raro na região central.', '2024-02-26'),
(119, 'Casa Térrea Acessível', 'Rampas, corredores largos, ideal para PCD ou terceira idade. Muito segura e arejada.', '2024-02-27'),
(120, 'Terreno de Meio de Quadra', 'Plano, pronto para construir, cercado de casas de ótimo padrão.', '2024-02-28'),
(121, 'Apartamento 4 Quartos - Vista Panorâmica', 'A melhor vista da cidade. Ampla sala de estar e jantar, suíte master com hidro.', '2024-02-29'),
(122, 'Sala Comercial Meia Laje', '250m² de área livre, piso elevado para cabeamento, forro modular e iluminação instalada.', '2024-03-01'),
(123, 'Sítio com Casa Sede Cinematográfica', 'Usada para gravações, jardim impecável, piscina de pedras naturais e lago ornamental.', '2024-03-02'),
(124, 'Loja em Posto de Combustível', 'Perfeito para loja de conveniência ou farmácia de passagem, alto fluxo garantido.', '2024-03-03'),
(125, 'Sobrado Triplex com Terraço', 'Terceiro piso com área de lazer privativa, vista desobstruída e churrasqueira.', '2024-03-04'),
(126, 'Lote Misto de Grande Dimensão', 'Excelente oportunidade para atacadistas e home centers, região em vertiginoso crescimento.', '2024-03-05'),
(127, 'Apartamento Compacto e Descolado', 'Otimização de espaços, marcenaria inteligente, prédio jovem com lavanderia e bike share.', '2024-03-06'),
(128, 'Galpão Cross Docking', 'Perfeito para transportadoras. Múltiplas docas, pátio de manobra para rodotrens.', '2024-03-07'),
(129, 'Casa Flutuante em Marina', 'Para quem busca um estilo de vida único. Confortável, moderna e atracada em poita segura.', '2024-03-08'),
(130, 'Terreno Padrão com Fundação Pronta', 'Compre e já comece a erguer as paredes. Projeto aprovado na prefeitura incluído.', '2024-03-09'),
(131, 'Cobertura Penthouse Mobiliada', 'Decorada por arquiteto renomado. Vendida de porteira fechada (com todos os móveis e eletros).', '2024-03-10'),
(132, 'Sala Comercial Térrea', 'Sem necessidade de uso de elevador. Ideal para atendimento rápido ou correspondente bancário.', '2024-03-11'),
(133, 'Fazenda Com Reflorestamento', 'Área vasta com pinus e eucalipto em ponto de corte. Investimento com retorno garantido a curto prazo.', '2024-03-12'),
(134, 'Loja Histórica no Calçadão', 'Ponto tradicional da cidade, fachada conservada, interior amplo com mezanino de madeira.', '2024-03-13'),
(135, 'Apartamento Studio com Lazer no Rooftop', 'Piscina com borda infinita na cobertura, academia panorâmica, lounge festas.', '2024-03-14'),
(136, 'Casa de Campo Contemporânea', 'Concreto aparente, amplas esquadrias de vidro, telhado em balanço e deck suspenso.', '2024-03-15'),
(137, 'Terreno em Condomínio Clube Luxuoso', 'Terreno de frente para o lago do condomínio, clube com piscina aquecida, saunas e quadras de saibro.', '2024-03-16'),
(138, 'Chácara com Produção de Uvas', 'Pequena vinícola artesanal, parreirais produtivos, adega subterrânea charmosa.', '2024-03-17'),
(139, 'Apartamento 3 Quartos Face Norte', 'Incidência de sol o dia todo. Quartos e sala muito bem iluminados e quentes no inverno.', '2024-03-18'),
(140, 'Prédio Comercial Novo com Cortina de Vidro', 'Fachada espelhada moderna, elevadores inteligentes, controle de acesso facial.', '2024-03-19'),
(141, 'Lote com Viabilidade para Prédio', 'Autorização da prefeitura para até 15 pavimentos. Terreno de 800m², plano.', '2024-03-20'),
(142, 'Sobrado em Condomínio Econômico', 'Bairro afastado mas com infra, parcelas da casa menores que aluguel.', '2024-03-21'),
(143, 'Galpão Frigorífico Industrial', 'Câmaras de congelamento e resfriamento, área de desossa, inspeção federal (SIF) em dia.', '2024-03-22'),
(144, 'Sala Comercial para Clínica Odontológica', 'Ponto de água e esgoto no meio da sala, compressor no andar térreo já instalado.', '2024-03-23'),
(145, 'Apartamento Reformado no Térreo', 'Sem escadas. Piso em porcelanato novo, elétrica e hidráulica trocadas.', '2024-03-24'),
(146, 'Casa de Vila com 2 Pavimentos', 'Ambiente muito seguro. Piso inferior com salas e superior íntimo com varanda.', '2024-03-25'),
(147, 'Terreno Residencial em Loteamento Aberto', 'Infraestrutura completa de asfalto, esgoto e luz. Bairro planejado para famílias.', '2024-03-26'),
(148, 'Sítio para Haras', 'Pistas de treinamento, curralena, baias espaçosas, piquetes formados em tifton.', '2024-03-27'),
(149, 'Loja com Vão Livre de 300m²', 'Nenhum pilar central atrapalhando o layout, excelente para concessionárias ou varejo.', '2024-03-28'),
(150, 'Cobertura Duplex com Hidromassagem', 'Andar superior com amplo deck, jacuzzi sob pergolado, churrasqueira e forno de pizza.', '2024-03-29'),
(151, 'Apartamento Studio Estilo Nova York', 'Pé direito de 3.5m, janelões do chão ao teto, vigas aparentes, muito estilo e personalidade.', '2024-03-30'),
(152, 'Lote de Esquina em Avenida Principal', 'Maior índice de aproveitamento construtivo, ideal para torre comercial com mall no térreo.', '2024-03-31'),
(153, 'Casa Solta com Piscina de Fibra', 'Bairro residencial tradicional. Piscina com cascata, edícula com churrasqueira e banheiro.', '2024-04-01'),
(154, 'Sala Corporativa Laje Inteira', '450m² em prédio Triple A. Ar condicionado central, piso elevado, persianas automatizadas.', '2024-04-02'),
(155, 'Galpão para Indústria Química', 'Piso com pintura epóxi, contenção de derramamentos, aprovação de bombeiros para químicos.', '2024-04-03'),
(156, 'Chácara para Finais de Semana', 'Completamente mobiliada. Duas casas, campo de areia, quiosque e bastante área verde conservada.', '2024-04-04'),
(157, 'Apartamento 1 Suíte e 2 Demi-suítes', 'Planta inteligente. Sala ampla integrada à sacada de vidro. Cozinha fechada.', '2024-04-05'),
(158, 'Ponto Comercial - Padaria e Confeitaria', 'Passa-se o ponto, faturamento estável, fornos e balcões refrigerados incluídos no valor.', '2024-04-06'),
(159, 'Terreno em Declive para Subsolo', 'A topografia favorece a construção de garagem subterrânea com custo reduzido de escavação.', '2024-04-07'),
(160, 'Casa de Alvenaria Térrea Padrão', 'Cozinha e sala integradas, muro alto com concertina e portão basculante rápido.', '2024-04-08'),
(161, 'Apartamento Compacto com Vaga Rotativa', 'Excelente para estudantes e solteiros, prédio muito seguro com reconhecimento facial.', '2024-04-09'),
(162, 'Fazenda Leiteira em Produção', 'Ordenhadeira mecânica, tanques de resfriamento, pasto rotacionado, rebanho opcional.', '2024-04-10'),
(163, 'Loja em Esquina Comercial Movimentada', 'Pé direito alto, estrutura para ar central, grande visibilidade para carros e pedestres.', '2024-04-11'),
(164, 'Sala Comercial para Estúdio de Pilates', 'Janelas amplas, ambiente claro e ventilado, recepção montada. Prédio com estacionamento rotativo.', '2024-04-12'),
(165, 'Lote Residencial Plano em Condomínio', 'Terreno com 600m², posição privilegiada perto da portaria e longe do muro perimetral.', '2024-04-13'),
(166, 'Sobrado Espaçoso com Ático', 'O ático de 40m² serve perfeitamente para home office, academia íntima ou salão de jogos.', '2024-04-14'),
(167, 'Galpão para Câmaras Frias', 'Paredes em isopor de alta densidade (painéis isotérmicos), portas apropriadas para docas frias.', '2024-04-15'),
(168, 'Sítio de Lazer com 2 Açudes', 'Muito peixe, chalé de madeira rústico, pomar novo. Para quem gosta da vida no campo.', '2024-04-16'),
(169, 'Apartamento 3 Dormitórios Semi Mobiliado', 'Ficam os armários embutidos de excelência nos quartos, cozinha planejada e painel na sala.', '2024-04-17'),
(170, 'Loja Pequena em Galeria Centro', 'Ideal para conserto de celular, bomboniere ou venda de acessórios. Aluguel e IPTU muito baixos.', '2024-04-18'),
(171, 'Casa de Vila Estilo Europeu', 'Arquitetura diferenciada, ruas de paralelepípedo, sem trânsito e com muita área ajardinada comum.', '2024-04-19'),
(172, 'Terreno para Construção de Prédio Residencial', 'Localizado em ZC (Zona Comercial/Residencial). Coeficiente construtivo altíssimo. Frente norte.', '2024-04-20'),
(173, 'Cobertura Horizontal Linear', 'Terraço contorna o apartamento todo, floreiras, espaço muito bem dividido, ensolarado à tarde.', '2024-04-21'),
(174, 'Sala de Eventos/Coworking para Venda', 'Piso inferior do prédio, auditório montado, banheiros adaptados, copa para coffee break.', '2024-04-22'),
(175, 'Chácara com Plantio de Pitaya', 'Produção em pleno vigor, sistema de irrigação por gotejamento, casa de colono no local.', '2024-04-23'),
(176, 'Apartamento Térreo com Garden Gigante', 'Espaço externo de 80m², parece uma casa. Fica em condomínio clube com segurança reforçada.', '2024-04-24'),
(177, 'Galpão Novo com Ponte Rolante', 'Ideal para indústria metalúrgica. Ponte para 10 toneladas, piso para 6 ton/m², vestiários completos.', '2024-04-25'),
(178, 'Loja com Fachada Restaurada Histórica', 'Beleza clássica e interior moderno, excelente ponto para bistrôs, cafés ou moda premium.', '2024-04-26'),
(179, 'Lote com Aclive Suave', 'Bairro tranquilo de chácaras urbanas. Construa sua casa no alto, garantindo vista e privacidade.', '2024-04-27'),
(180, 'Casa Assobradada de Luxo', 'Pé direito triplo na sala, mezanino de vidro, piscina aquecida por placas solares.', '2024-04-28'),
(181, 'Apartamento 4 Dormitórios Face Leste', 'Aproveita o sol da manhã. Prédio tradicional com cômodos amplos, despensa e banheiro de serviço.', '2024-04-29'),
(182, 'Sala Comercial para Agência', 'Design arrojado, luminárias pendentes, estações de trabalho já montadas. Pronto para operar.', '2024-04-30'),
(183, 'Fazenda para Agricultura e Pecuária', 'Região de fronteira agrícola, parte de chapada para grãos e baixada com pastagem excelente.', '2024-05-01'),
(184, 'Terreno Industrial em Distrito Incentivado', 'Aproveite incentivos fiscais do município. Terreno plano de 5000m² com asfalto pesado na porta.', '2024-05-02'),
(185, 'Sobrado em Condomínio Recém Entregue', 'Seja o primeiro a morar. Escada de mármore branco, churrasqueira a carvão, preparação para AC.', '2024-05-03'),
(186, 'Loja de Rua de Bairro - Excelente Ponto', 'Ponto de referência no bairro há anos. Fachada toda em vidro temperado, 80m² úteis.', '2024-05-04'),
(187, 'Apartamento Padrão Minha Casa Minha Vida', 'Empreendimento novo. Área de lazer com salão de festas, quadra de areia e playground.', '2024-05-05'),
(188, 'Sítio Ecoturístico com Trilha e Cascata', 'Casa principal rústica, 3 chalés para locação e trilha autoguiada dentro da mata nativa.', '2024-05-06'),
(189, 'Galpão com Pé Direito de 15m', 'Ideal para logística avançada e verticalização de estoque (porta-paletes). Sistema de sprinklers.', '2024-05-07'),
(190, 'Casa Térrea Compacta em Terreno Independente', 'Para quem prefere privacidade ao invés de apartamento. Lote 10x20m, garagem para dois carros.', '2024-05-08'),
(191, 'Loteamento Fechado - Lote de 400m²', 'Infra subterrânea de energia e dados (sem postes e fios). Clube social no próprio condomínio.', '2024-05-09'),
(192, 'Cobertura Duplex com Vista Definitiva do Parque', 'Sem risco de perder a vista. 4 suítes, sala íntima de TV, terraço com espera para spa.', '2024-05-10'),
(193, 'Sala Comercial Centralíssima', 'Em cima de bancos e farmácias. Tráfego intenso. Ideal para consórcios ou representação.', '2024-05-11'),
(194, 'Chácara com Área de Lazer Completa', 'Casa avarandada, piscina de 8 metros, mini campo de futebol, salão com forno à lenha e churrasqueira.', '2024-05-12'),
(195, 'Loja Ampla em Open Mall', 'O mall possui academia âncora, estacionamento rotativo fácil, segurança privada e paisagismo.', '2024-05-13'),
(196, 'Apartamento 3 Suítes Alto Padrão - Novo', 'Fechadura biométrica, manta acústica nos pisos, persianas motorizadas e esquadrias de PVC.', '2024-05-14'),
(197, 'Terreno para Construção de Condomínio', 'Área de 10.000m² dentro do perímetro urbano, viabilidade para casas geminadas ou bloquinhos.', '2024-05-15'),
(198, 'Fazenda para Piscicultura', 'Diversos tanques escavados, água abundante de rio limpo, galpão de armazenamento de ração.', '2024-05-16'),
(199, 'Galpão/Loja Híbrido em Avenida Comercial', 'Fachada comercial de loja de vidro e galpão de estoque/oficina aos fundos. Ideal para atacarejo ou home center.', '2024-05-17'),
(200, 'Casa de Praia Mansão', 'Pé na areia, 8 suítes, quadra de beach tennis privativa, heliponto homologado e garagem para barcos.', '2024-05-18');


-- FOTOIMOVEL
INSERT INTO FotoImovel (id_anuncio, url_foto, principal) VALUES
(1, 'https://img.imobiliaria.com/fotos/anuncio_1_principal.jpg', TRUE),
(2, 'https://img.imobiliaria.com/fotos/anuncio_2_principal.jpg', TRUE),
(3, 'https://img.imobiliaria.com/fotos/anuncio_3_principal.jpg', TRUE),
(4, 'https://img.imobiliaria.com/fotos/anuncio_4_principal.jpg', TRUE),
(5, 'https://img.imobiliaria.com/fotos/anuncio_5_principal.jpg', TRUE),
(6, 'https://img.imobiliaria.com/fotos/anuncio_6_principal.jpg', TRUE),
(7, 'https://img.imobiliaria.com/fotos/anuncio_7_principal.jpg', TRUE),
(8, 'https://img.imobiliaria.com/fotos/anuncio_8_principal.jpg', TRUE),
(9, 'https://img.imobiliaria.com/fotos/anuncio_9_principal.jpg', TRUE),
(10, 'https://img.imobiliaria.com/fotos/anuncio_10_principal.jpg', TRUE),
(11, 'https://img.imobiliaria.com/fotos/anuncio_11_principal.jpg', TRUE),
(12, 'https://img.imobiliaria.com/fotos/anuncio_12_principal.jpg', TRUE),
(13, 'https://img.imobiliaria.com/fotos/anuncio_13_principal.jpg', TRUE),
(14, 'https://img.imobiliaria.com/fotos/anuncio_14_principal.jpg', TRUE),
(15, 'https://img.imobiliaria.com/fotos/anuncio_15_principal.jpg', TRUE),
(16, 'https://img.imobiliaria.com/fotos/anuncio_16_principal.jpg', TRUE),
(17, 'https://img.imobiliaria.com/fotos/anuncio_17_principal.jpg', TRUE),
(18, 'https://img.imobiliaria.com/fotos/anuncio_18_principal.jpg', TRUE),
(19, 'https://img.imobiliaria.com/fotos/anuncio_19_principal.jpg', TRUE),
(20, 'https://img.imobiliaria.com/fotos/anuncio_20_principal.jpg', TRUE),
(21, 'https://img.imobiliaria.com/fotos/anuncio_21_principal.jpg', TRUE),
(22, 'https://img.imobiliaria.com/fotos/anuncio_22_principal.jpg', TRUE),
(23, 'https://img.imobiliaria.com/fotos/anuncio_23_principal.jpg', TRUE),
(24, 'https://img.imobiliaria.com/fotos/anuncio_24_principal.jpg', TRUE),
(25, 'https://img.imobiliaria.com/fotos/anuncio_25_principal.jpg', TRUE),
(26, 'https://img.imobiliaria.com/fotos/anuncio_26_principal.jpg', TRUE),
(27, 'https://img.imobiliaria.com/fotos/anuncio_27_principal.jpg', TRUE),
(28, 'https://img.imobiliaria.com/fotos/anuncio_28_principal.jpg', TRUE),
(29, 'https://img.imobiliaria.com/fotos/anuncio_29_principal.jpg', TRUE),
(30, 'https://img.imobiliaria.com/fotos/anuncio_30_principal.jpg', TRUE),
(31, 'https://img.imobiliaria.com/fotos/anuncio_31_principal.jpg', TRUE),
(32, 'https://img.imobiliaria.com/fotos/anuncio_32_principal.jpg', TRUE),
(33, 'https://img.imobiliaria.com/fotos/anuncio_33_principal.jpg', TRUE),
(34, 'https://img.imobiliaria.com/fotos/anuncio_34_principal.jpg', TRUE),
(35, 'https://img.imobiliaria.com/fotos/anuncio_35_principal.jpg', TRUE),
(36, 'https://img.imobiliaria.com/fotos/anuncio_36_principal.jpg', TRUE),
(37, 'https://img.imobiliaria.com/fotos/anuncio_37_principal.jpg', TRUE),
(38, 'https://img.imobiliaria.com/fotos/anuncio_38_principal.jpg', TRUE),
(39, 'https://img.imobiliaria.com/fotos/anuncio_39_principal.jpg', TRUE),
(40, 'https://img.imobiliaria.com/fotos/anuncio_40_principal.jpg', TRUE),
(41, 'https://img.imobiliaria.com/fotos/anuncio_41_principal.jpg', TRUE),
(42, 'https://img.imobiliaria.com/fotos/anuncio_42_principal.jpg', TRUE),
(43, 'https://img.imobiliaria.com/fotos/anuncio_43_principal.jpg', TRUE),
(44, 'https://img.imobiliaria.com/fotos/anuncio_44_principal.jpg', TRUE),
(45, 'https://img.imobiliaria.com/fotos/anuncio_45_principal.jpg', TRUE),
(46, 'https://img.imobiliaria.com/fotos/anuncio_46_principal.jpg', TRUE),
(47, 'https://img.imobiliaria.com/fotos/anuncio_47_principal.jpg', TRUE),
(48, 'https://img.imobiliaria.com/fotos/anuncio_48_principal.jpg', TRUE),
(49, 'https://img.imobiliaria.com/fotos/anuncio_49_principal.jpg', TRUE),
(50, 'https://img.imobiliaria.com/fotos/anuncio_50_principal.jpg', TRUE),
(51, 'https://img.imobiliaria.com/fotos/anuncio_51_principal.jpg', TRUE),
(52, 'https://img.imobiliaria.com/fotos/anuncio_52_principal.jpg', TRUE),
(53, 'https://img.imobiliaria.com/fotos/anuncio_53_principal.jpg', TRUE),
(54, 'https://img.imobiliaria.com/fotos/anuncio_54_principal.jpg', TRUE),
(55, 'https://img.imobiliaria.com/fotos/anuncio_55_principal.jpg', TRUE),
(56, 'https://img.imobiliaria.com/fotos/anuncio_56_principal.jpg', TRUE),
(57, 'https://img.imobiliaria.com/fotos/anuncio_57_principal.jpg', TRUE),
(58, 'https://img.imobiliaria.com/fotos/anuncio_58_principal.jpg', TRUE),
(59, 'https://img.imobiliaria.com/fotos/anuncio_59_principal.jpg', TRUE),
(60, 'https://img.imobiliaria.com/fotos/anuncio_60_principal.jpg', TRUE),
(61, 'https://img.imobiliaria.com/fotos/anuncio_61_principal.jpg', TRUE),
(62, 'https://img.imobiliaria.com/fotos/anuncio_62_principal.jpg', TRUE),
(63, 'https://img.imobiliaria.com/fotos/anuncio_63_principal.jpg', TRUE),
(64, 'https://img.imobiliaria.com/fotos/anuncio_64_principal.jpg', TRUE),
(65, 'https://img.imobiliaria.com/fotos/anuncio_65_principal.jpg', TRUE),
(66, 'https://img.imobiliaria.com/fotos/anuncio_66_principal.jpg', TRUE),
(67, 'https://img.imobiliaria.com/fotos/anuncio_67_principal.jpg', TRUE),
(68, 'https://img.imobiliaria.com/fotos/anuncio_68_principal.jpg', TRUE),
(69, 'https://img.imobiliaria.com/fotos/anuncio_69_principal.jpg', TRUE),
(70, 'https://img.imobiliaria.com/fotos/anuncio_70_principal.jpg', TRUE),
(71, 'https://img.imobiliaria.com/fotos/anuncio_71_principal.jpg', TRUE),
(72, 'https://img.imobiliaria.com/fotos/anuncio_72_principal.jpg', TRUE),
(73, 'https://img.imobiliaria.com/fotos/anuncio_73_principal.jpg', TRUE),
(74, 'https://img.imobiliaria.com/fotos/anuncio_74_principal.jpg', TRUE),
(75, 'https://img.imobiliaria.com/fotos/anuncio_75_principal.jpg', TRUE),
(76, 'https://img.imobiliaria.com/fotos/anuncio_76_principal.jpg', TRUE),
(77, 'https://img.imobiliaria.com/fotos/anuncio_77_principal.jpg', TRUE),
(78, 'https://img.imobiliaria.com/fotos/anuncio_78_principal.jpg', TRUE),
(79, 'https://img.imobiliaria.com/fotos/anuncio_79_principal.jpg', TRUE),
(80, 'https://img.imobiliaria.com/fotos/anuncio_80_principal.jpg', TRUE),
(81, 'https://img.imobiliaria.com/fotos/anuncio_81_principal.jpg', TRUE),
(82, 'https://img.imobiliaria.com/fotos/anuncio_82_principal.jpg', TRUE),
(83, 'https://img.imobiliaria.com/fotos/anuncio_83_principal.jpg', TRUE),
(84, 'https://img.imobiliaria.com/fotos/anuncio_84_principal.jpg', TRUE),
(85, 'https://img.imobiliaria.com/fotos/anuncio_85_principal.jpg', TRUE),
(86, 'https://img.imobiliaria.com/fotos/anuncio_86_principal.jpg', TRUE),
(87, 'https://img.imobiliaria.com/fotos/anuncio_87_principal.jpg', TRUE),
(88, 'https://img.imobiliaria.com/fotos/anuncio_88_principal.jpg', TRUE),
(89, 'https://img.imobiliaria.com/fotos/anuncio_89_principal.jpg', TRUE),
(90, 'https://img.imobiliaria.com/fotos/anuncio_90_principal.jpg', TRUE),
(91, 'https://img.imobiliaria.com/fotos/anuncio_91_principal.jpg', TRUE),
(92, 'https://img.imobiliaria.com/fotos/anuncio_92_principal.jpg', TRUE),
(93, 'https://img.imobiliaria.com/fotos/anuncio_93_principal.jpg', TRUE),
(94, 'https://img.imobiliaria.com/fotos/anuncio_94_principal.jpg', TRUE),
(95, 'https://img.imobiliaria.com/fotos/anuncio_95_principal.jpg', TRUE),
(96, 'https://img.imobiliaria.com/fotos/anuncio_96_principal.jpg', TRUE),
(97, 'https://img.imobiliaria.com/fotos/anuncio_97_principal.jpg', TRUE),
(98, 'https://img.imobiliaria.com/fotos/anuncio_98_principal.jpg', TRUE),
(99, 'https://img.imobiliaria.com/fotos/anuncio_99_principal.jpg', TRUE),
(100, 'https://img.imobiliaria.com/fotos/anuncio_100_principal.jpg', TRUE),
(101, 'https://img.imobiliaria.com/fotos/anuncio_101_principal.jpg', TRUE),
(102, 'https://img.imobiliaria.com/fotos/anuncio_102_principal.jpg', TRUE),
(103, 'https://img.imobiliaria.com/fotos/anuncio_103_principal.jpg', TRUE),
(104, 'https://img.imobiliaria.com/fotos/anuncio_104_principal.jpg', TRUE),
(105, 'https://img.imobiliaria.com/fotos/anuncio_105_principal.jpg', TRUE),
(106, 'https://img.imobiliaria.com/fotos/anuncio_106_principal.jpg', TRUE),
(107, 'https://img.imobiliaria.com/fotos/anuncio_107_principal.jpg', TRUE),
(108, 'https://img.imobiliaria.com/fotos/anuncio_108_principal.jpg', TRUE),
(109, 'https://img.imobiliaria.com/fotos/anuncio_109_principal.jpg', TRUE),
(110, 'https://img.imobiliaria.com/fotos/anuncio_110_principal.jpg', TRUE),
(111, 'https://img.imobiliaria.com/fotos/anuncio_111_principal.jpg', TRUE),
(112, 'https://img.imobiliaria.com/fotos/anuncio_112_principal.jpg', TRUE),
(113, 'https://img.imobiliaria.com/fotos/anuncio_113_principal.jpg', TRUE),
(114, 'https://img.imobiliaria.com/fotos/anuncio_114_principal.jpg', TRUE),
(115, 'https://img.imobiliaria.com/fotos/anuncio_115_principal.jpg', TRUE),
(116, 'https://img.imobiliaria.com/fotos/anuncio_116_principal.jpg', TRUE),
(117, 'https://img.imobiliaria.com/fotos/anuncio_117_principal.jpg', TRUE),
(118, 'https://img.imobiliaria.com/fotos/anuncio_118_principal.jpg', TRUE),
(119, 'https://img.imobiliaria.com/fotos/anuncio_119_principal.jpg', TRUE),
(120, 'https://img.imobiliaria.com/fotos/anuncio_120_principal.jpg', TRUE),
(121, 'https://img.imobiliaria.com/fotos/anuncio_121_principal.jpg', TRUE),
(122, 'https://img.imobiliaria.com/fotos/anuncio_122_principal.jpg', TRUE),
(123, 'https://img.imobiliaria.com/fotos/anuncio_123_principal.jpg', TRUE),
(124, 'https://img.imobiliaria.com/fotos/anuncio_124_principal.jpg', TRUE),
(125, 'https://img.imobiliaria.com/fotos/anuncio_125_principal.jpg', TRUE),
(126, 'https://img.imobiliaria.com/fotos/anuncio_126_principal.jpg', TRUE),
(127, 'https://img.imobiliaria.com/fotos/anuncio_127_principal.jpg', TRUE),
(128, 'https://img.imobiliaria.com/fotos/anuncio_128_principal.jpg', TRUE),
(129, 'https://img.imobiliaria.com/fotos/anuncio_129_principal.jpg', TRUE),
(130, 'https://img.imobiliaria.com/fotos/anuncio_130_principal.jpg', TRUE),
(131, 'https://img.imobiliaria.com/fotos/anuncio_131_principal.jpg', TRUE),
(132, 'https://img.imobiliaria.com/fotos/anuncio_132_principal.jpg', TRUE),
(133, 'https://img.imobiliaria.com/fotos/anuncio_133_principal.jpg', TRUE),
(134, 'https://img.imobiliaria.com/fotos/anuncio_134_principal.jpg', TRUE),
(135, 'https://img.imobiliaria.com/fotos/anuncio_135_principal.jpg', TRUE),
(136, 'https://img.imobiliaria.com/fotos/anuncio_136_principal.jpg', TRUE),
(137, 'https://img.imobiliaria.com/fotos/anuncio_137_principal.jpg', TRUE),
(138, 'https://img.imobiliaria.com/fotos/anuncio_138_principal.jpg', TRUE),
(139, 'https://img.imobiliaria.com/fotos/anuncio_139_principal.jpg', TRUE),
(140, 'https://img.imobiliaria.com/fotos/anuncio_140_principal.jpg', TRUE),
(141, 'https://img.imobiliaria.com/fotos/anuncio_141_principal.jpg', TRUE),
(142, 'https://img.imobiliaria.com/fotos/anuncio_142_principal.jpg', TRUE),
(143, 'https://img.imobiliaria.com/fotos/anuncio_143_principal.jpg', TRUE),
(144, 'https://img.imobiliaria.com/fotos/anuncio_144_principal.jpg', TRUE),
(145, 'https://img.imobiliaria.com/fotos/anuncio_145_principal.jpg', TRUE),
(146, 'https://img.imobiliaria.com/fotos/anuncio_146_principal.jpg', TRUE),
(147, 'https://img.imobiliaria.com/fotos/anuncio_147_principal.jpg', TRUE),
(148, 'https://img.imobiliaria.com/fotos/anuncio_148_principal.jpg', TRUE),
(149, 'https://img.imobiliaria.com/fotos/anuncio_149_principal.jpg', TRUE),
(150, 'https://img.imobiliaria.com/fotos/anuncio_150_principal.jpg', TRUE),
(151, 'https://img.imobiliaria.com/fotos/anuncio_151_principal.jpg', TRUE),
(152, 'https://img.imobiliaria.com/fotos/anuncio_152_principal.jpg', TRUE),
(153, 'https://img.imobiliaria.com/fotos/anuncio_153_principal.jpg', TRUE),
(154, 'https://img.imobiliaria.com/fotos/anuncio_154_principal.jpg', TRUE),
(155, 'https://img.imobiliaria.com/fotos/anuncio_155_principal.jpg', TRUE),
(156, 'https://img.imobiliaria.com/fotos/anuncio_156_principal.jpg', TRUE),
(157, 'https://img.imobiliaria.com/fotos/anuncio_157_principal.jpg', TRUE),
(158, 'https://img.imobiliaria.com/fotos/anuncio_158_principal.jpg', TRUE),
(159, 'https://img.imobiliaria.com/fotos/anuncio_159_principal.jpg', TRUE),
(160, 'https://img.imobiliaria.com/fotos/anuncio_160_principal.jpg', TRUE),
(161, 'https://img.imobiliaria.com/fotos/anuncio_161_principal.jpg', TRUE),
(162, 'https://img.imobiliaria.com/fotos/anuncio_162_principal.jpg', TRUE),
(163, 'https://img.imobiliaria.com/fotos/anuncio_163_principal.jpg', TRUE),
(164, 'https://img.imobiliaria.com/fotos/anuncio_164_principal.jpg', TRUE),
(165, 'https://img.imobiliaria.com/fotos/anuncio_165_principal.jpg', TRUE),
(166, 'https://img.imobiliaria.com/fotos/anuncio_166_principal.jpg', TRUE),
(167, 'https://img.imobiliaria.com/fotos/anuncio_167_principal.jpg', TRUE),
(168, 'https://img.imobiliaria.com/fotos/anuncio_168_principal.jpg', TRUE),
(169, 'https://img.imobiliaria.com/fotos/anuncio_169_principal.jpg', TRUE),
(170, 'https://img.imobiliaria.com/fotos/anuncio_170_principal.jpg', TRUE),
(171, 'https://img.imobiliaria.com/fotos/anuncio_171_principal.jpg', TRUE),
(172, 'https://img.imobiliaria.com/fotos/anuncio_172_principal.jpg', TRUE),
(173, 'https://img.imobiliaria.com/fotos/anuncio_173_principal.jpg', TRUE),
(174, 'https://img.imobiliaria.com/fotos/anuncio_174_principal.jpg', TRUE),
(175, 'https://img.imobiliaria.com/fotos/anuncio_175_principal.jpg', TRUE),
(176, 'https://img.imobiliaria.com/fotos/anuncio_176_principal.jpg', TRUE),
(177, 'https://img.imobiliaria.com/fotos/anuncio_177_principal.jpg', TRUE),
(178, 'https://img.imobiliaria.com/fotos/anuncio_178_principal.jpg', TRUE),
(179, 'https://img.imobiliaria.com/fotos/anuncio_179_principal.jpg', TRUE),
(180, 'https://img.imobiliaria.com/fotos/anuncio_180_principal.jpg', TRUE),
(181, 'https://img.imobiliaria.com/fotos/anuncio_181_principal.jpg', TRUE),
(182, 'https://img.imobiliaria.com/fotos/anuncio_182_principal.jpg', TRUE),
(183, 'https://img.imobiliaria.com/fotos/anuncio_183_principal.jpg', TRUE),
(184, 'https://img.imobiliaria.com/fotos/anuncio_184_principal.jpg', TRUE),
(185, 'https://img.imobiliaria.com/fotos/anuncio_185_principal.jpg', TRUE),
(186, 'https://img.imobiliaria.com/fotos/anuncio_186_principal.jpg', TRUE),
(187, 'https://img.imobiliaria.com/fotos/anuncio_187_principal.jpg', TRUE),
(188, 'https://img.imobiliaria.com/fotos/anuncio_188_principal.jpg', TRUE),
(189, 'https://img.imobiliaria.com/fotos/anuncio_189_principal.jpg', TRUE),
(190, 'https://img.imobiliaria.com/fotos/anuncio_190_principal.jpg', TRUE),
(191, 'https://img.imobiliaria.com/fotos/anuncio_191_principal.jpg', TRUE),
(192, 'https://img.imobiliaria.com/fotos/anuncio_192_principal.jpg', TRUE),
(193, 'https://img.imobiliaria.com/fotos/anuncio_193_principal.jpg', TRUE),
(194, 'https://img.imobiliaria.com/fotos/anuncio_194_principal.jpg', TRUE),
(195, 'https://img.imobiliaria.com/fotos/anuncio_195_principal.jpg', TRUE),
(196, 'https://img.imobiliaria.com/fotos/anuncio_196_principal.jpg', TRUE),
(197, 'https://img.imobiliaria.com/fotos/anuncio_197_principal.jpg', TRUE),
(198, 'https://img.imobiliaria.com/fotos/anuncio_198_principal.jpg', TRUE),
(199, 'https://img.imobiliaria.com/fotos/anuncio_199_principal.jpg', TRUE),
(200, 'https://img.imobiliaria.com/fotos/anuncio_200_principal.jpg', TRUE);